[2026-05-23 09:04:07Z INFO HostContext] No proxy settings were found based on environmental variables (http_proxy/https_proxy/HTTP_PROXY/HTTPS_PROXY)
[2026-05-23 09:04:07Z INFO HostContext] Well known directory 'Bin': 'D:\minishopapp\minishopapp\actions-runner\bin'
[2026-05-23 09:04:07Z INFO HostContext] Well known directory 'Root': 'D:\minishopapp\minishopapp\actions-runner'
[2026-05-23 09:04:07Z INFO HostContext] Well known config file 'Credentials': 'D:\minishopapp\minishopapp\actions-runner\.credentials'
[2026-05-23 09:04:07Z INFO HostContext] Well known directory 'Bin': 'D:\minishopapp\minishopapp\actions-runner\bin'
[2026-05-23 09:04:07Z INFO HostContext] Well known directory 'Root': 'D:\minishopapp\minishopapp\actions-runner'
[2026-05-23 09:04:07Z INFO HostContext] Well known config file 'Runner': 'D:\minishopapp\minishopapp\actions-runner\.runner'
[2026-05-23 09:04:07Z INFO Worker] Version: 2.334.0
[2026-05-23 09:04:07Z INFO Worker] Commit: f1995ede5d885c997d13d8eca5467c4ce97fe69c
[2026-05-23 09:04:07Z INFO Worker] Culture: en-US
[2026-05-23 09:04:07Z INFO Worker] UI Culture: en-US
[2026-05-23 09:04:07Z INFO Worker] Waiting to receive the job message from the channel.
[2026-05-23 09:04:07Z INFO ProcessChannel] Receiving message of length 20867, with hash 'af178894ef44ffab8c1498ca24880e852a967531270efdb4394f1786aa583e1d'
[2026-05-23 09:04:07Z INFO Worker] Message received.
[2026-05-23 09:04:07Z INFO Worker] Job message:
 {
  "fileTable": [
    ".github/workflows/deployment.yml"
  ],
  "mask": [
    {
      "type": "regex",
      "value": "***"
    },
    {
      "type": "regex",
      "value": "***"
    },
    {
      "type": "regex",
      "value": "***"
    },
    {
      "type": "regex",
      "value": "***"
    },
    {
      "type": "regex",
      "value": "***"
    },
    {
      "type": "regex",
      "value": "***"
    },
    {
      "type": "regex",
      "value": "***"
    },
    {
      "type": "regex",
      "value": "***"
    },
    {
      "type": "regex",
      "value": "***"
    },
    {
      "type": "regex",
      "value": "***"
    },
    {
      "type": "regex",
      "value": "***"
    },
    {
      "type": "regex",
      "value": "***"
    },
    {
      "type": "regex",
      "value": "***"
    },
    {
      "type": "regex",
      "value": "***"
    },
    {
      "type": "regex",
      "value": "***"
    },
    {
      "type": "regex",
      "value": "***"
    },
    {
      "type": "regex",
      "value": "***"
    },
    {
      "type": "regex",
      "value": "***"
    }
  ],
  "steps": [
    {
      "type": "action",
      "reference": {
        "type": "repository",
        "name": "actions/checkout",
        "ref": "v4",
        "repositoryType": "GitHub"
      },
      "contextName": "__actions_checkout",
      "condition": "success()",
      "id": "b273721c-af95-446b-b773-506da98a6517",
      "name": "__actions_checkout"
    },
    {
      "type": "action",
      "reference": {
        "type": "script"
      },
      "displayNameToken": {
        "type": 0,
        "file": 1,
        "line": 15,
        "col": 15,
        "lit": "Test"
      },
      "contextName": "__run",
      "inputs": {
        "type": 2,
        "map": [
          {
            "key": "script",
            "value": {
              "type": 0,
              "file": 1,
              "line": 16,
              "col": 14,
              "lit": "echo \"Self Hosted Runner Working\""
            }
          }
        ]
      },
      "condition": "success()",
      "id": "d3a3020e-782c-4818-8cea-741c1d626bf5",
      "name": "__run"
    }
  ],
  "variables": {
    "Actions.EnableHttpRedirects": {
      "value": "true"
    },
    "DistributedTask.AddWarningToNode12Action": {
      "value": "true"
    },
    "DistributedTask.AddWarningToNode16Action": {
      "value": "true"
    },
    "DistributedTask.AllowRunnerContainerHooks": {
      "value": "true"
    },
    "DistributedTask.DeprecateStepOutputCommands": {
      "value": "true"
    },
    "DistributedTask.DetailUntarFailure": {
      "value": "true"
    },
    "DistributedTask.EnableCompositeActions": {
      "value": "true"
    },
    "DistributedTask.EnableJobServerQueueTelemetry": {
      "value": "true"
    },
    "DistributedTask.EnhancedAnnotations": {
      "value": "true"
    },
    "DistributedTask.ForceGithubJavascriptActionsToNode16": {
      "value": "true"
    },
    "DistributedTask.ForceGithubJavascriptActionsToNode20": {
      "value": "true"
    },
    "DistributedTask.LogTemplateErrorsAsDebugMessages": {
      "value": "true"
    },
    "DistributedTask.MarkJobAsFailedOnWorkerCrash": {
      "value": "true"
    },
    "DistributedTask.NewActionMetadata": {
      "value": "true"
    },
    "DistributedTask.UploadStepSummary": {
      "value": "true"
    },
    "DistributedTask.UseActionArchiveCache": {
      "value": "true"
    },
    "DistributedTask.UseWhich2": {
      "value": "true"
    },
    "RunService.FixEmbeddedIssues": {
      "value": "true"
    },
    "actions.runner.requirenode24": {
      "value": "false"
    },
    "actions.runner.usenode24bydefault": {
      "value": "false"
    },
    "actions.runner.warnonnode20": {
      "value": "true"
    },
    "actions_add_check_run_id_to_job_context": {
      "value": "true"
    },
    "actions_batch_action_resolution": {
      "value": "false"
    },
    "actions_container_action_runner_temp": {
      "value": "true"
    },
    "actions_display_helpful_actions_download_errors": {
      "value": "true"
    },
    "actions_runner_compare_workflow_parser": {
      "value": "false"
    },
    "actions_runner_deprecate_linux_arm32": {
      "value": "false"
    },
    "actions_runner_emit_composite_markers": {
      "value": "false"
    },
    "actions_runner_kill_linux_arm32": {
      "value": "false"
    },
    "actions_runner_node20_removal_date": {
      "value": ""
    },
    "actions_runner_node24_default_date": {
      "value": ""
    },
    "actions_service_container_command": {
      "value": "true"
    },
    "actions_set_orchestration_id_env_for_actions": {
      "value": "true"
    },
    "actions_skip_retry_complete_job_upon_known_errors": {
      "value": "true"
    },
    "actions_snapshot_preflight_hosted_runner_check": {
      "value": "false"
    },
    "actions_snapshot_preflight_image_gen_pool_check": {
      "value": "false"
    },
    "actions_use_bearer_token_for_codeload": {
      "value": "false"
    },
    "actions_uses_cache_service_v2": {
      "value": "true"
    },
    "github_token": {
      "value": "***",
      "isSecret": true
    },
    "system.from_run_service": {
      "value": "true"
    },
    "system.github.job": {
      "value": "test"
    },
    "system.github.launch_endpoint": {
      "value": "https://launch.actions.githubusercontent.com"
    },
    "system.github.results_endpoint": {
      "value": "https://results-receiver.actions.githubusercontent.com/"
    },
    "system.github.results_upload_with_sdk": {
      "value": "true"
    },
    "system.github.token": {
      "value": "***",
      "isSecret": true
    },
    "system.github.token.permissions": {
      "value": "{\"Contents\":\"read\",\"Metadata\":\"read\",\"Packages\":\"read\"}"
    },
    "system.orchestrationId": {
      "value": "3e2f21f6-98ce-4994-b448-6fe8a9295111.test.__default"
    },
    "system.phaseDisplayName": {
      "value": "test"
    },
    "system.runner.lowdiskspacethreshold": {
      "value": "100"
    },
    "system.runnerEnvironment": {
      "value": "self-hosted"
    },
    "system.runnerGroupName": {
      "value": "Default"
    }
  },
  "messageType": "RunnerJobRequest",
  "plan": {
    "scopeIdentifier": "00000000-0000-0000-0000-000000000000",
    "planType": "actions",
    "version": 0,
    "planId": "3e2f21f6-98ce-4994-b448-6fe8a9295111",
    "planGroup": null,
    "artifactUri": null,
    "artifactLocation": null,
    "definition": null,
    "owner": null
  },
  "timeline": {
    "id": "3e2f21f6-98ce-4994-b448-6fe8a9295111",
    "changeId": 0,
    "location": null
  },
  "jobId": "1232d1bf-1a96-5e26-96bc-482431ef50c4",
  "jobDisplayName": "test",
  "jobName": "__default",
  "requestId": 0,
  "lockedUntil": "0001-01-01T00:00:00",
  "resources": {
    "endpoints": [
      {
        "data": {
          "ServerId": "",
          "ServerName": "",
          "CacheServerUrl": "https://artifactcache.actions.githubusercontent.com/0fpiXA3U3wQmuPtM9aNKfbBmkgDwuC3gitjjISzN7vc6zTMxmN/",
          "FeedStreamUrl": "wss://results-receiver.actions.githubusercontent.com/_ws/ingest.sock",
          "ResultsServiceUrl": "https://results-receiver.actions.githubusercontent.com/",
          "PipelinesServiceUrl": "https://pipelinesghubeus4.actions.githubusercontent.com/0fpiXA3U3wQmuPtM9aNKfbBmkgDwuC3gitjjISzN7vc6zTMxmN/",
          "GenerateIdTokenUrl": "",
          "ConnectivityChecks": "[\"https://broker.actions.githubusercontent.com/health\",\"https://token.actions.githubusercontent.com/ready\",\"https://run.actions.githubusercontent.com/health\"]"
        },
        "name": "SystemVssConnection",
        "url": "https://run-actions-1-azure-eastus.actions.githubusercontent.com/204/",
        "authorization": {
          "parameters": {
            "AccessToken": "***"
          },
          "scheme": "OAuth"
        },
        "isShared": false,
        "isReady": true
      }
    ]
  },
  "contextData": {
    "github": {
      "t": 2,
      "d": [
        {
          "k": "ref",
          "v": "refs/heads/main"
        },
        {
          "k": "sha",
          "v": "b02020655989bb8884d3bc945ada198242d58a56"
        },
        {
          "k": "repository",
          "v": "dineshvit11/minishopapp"
        },
        {
          "k": "repository_owner",
          "v": "dineshvit11"
        },
        {
          "k": "repository_owner_id",
          "v": "26951630"
        },
        {
          "k": "repositoryUrl",
          "v": "git://github.com/dineshvit11/minishopapp.git"
        },
        {
          "k": "run_id",
          "v": "26328804303"
        },
        {
          "k": "run_number",
          "v": "1"
        },
        {
          "k": "retention_days",
          "v": "90"
        },
        {
          "k": "run_attempt",
          "v": "1"
        },
        {
          "k": "artifact_cache_size_limit",
          "v": "10"
        },
        {
          "k": "repository_visibility",
          "v": "public"
        },
        {
          "k": "actor_id",
          "v": "26951630"
        },
        {
          "k": "actor",
          "v": "dineshvit11"
        },
        {
          "k": "workflow",
          "v": "Test Runner"
        },
        {
          "k": "head_ref",
          "v": ""
        },
        {
          "k": "base_ref",
          "v": ""
        },
        {
          "k": "event_name",
          "v": "push"
        },
        {
          "k": "server_url",
          "v": "https://github.com"
        },
        {
          "k": "api_url",
          "v": "https://api.github.com"
        },
        {
          "k": "graphql_url",
          "v": "https://api.github.com/graphql"
        },
        {
          "k": "ref_name",
          "v": "main"
        },
        {
          "k": "ref_protected",
          "v": false
        },
        {
          "k": "ref_type",
          "v": "branch"
        },
        {
          "k": "secret_source",
          "v": "Actions"
        },
        {
          "k": "event",
          "v": {
            "t": 2,
            "d": [
              {
                "k": "after",
                "v": "b02020655989bb8884d3bc945ada198242d58a56"
              },
              {
                "k": "base_ref",
                "v": null
              },
              {
                "k": "before",
                "v": "b0ab0295786b5843279d94e04b941d89e7f1b08b"
              },
              {
                "k": "commits",
                "v": {
                  "t": 1,
                  "a": [
                    {
                      "t": 2,
                      "d": [
                        {
                          "k": "author",
                          "v": {
                            "t": 2,
                            "d": [
                              {
                                "k": "email",
                                "v": "dineshvit11@gmail.com"
                              },
                              {
                                "k": "name",
                                "v": "Dinesh Kumar"
                              },
                              {
                                "k": "username",
                                "v": "dineshvit11"
                              }
                            ]
                          }
                        },
                        {
                          "k": "committer",
                          "v": {
                            "t": 2,
                            "d": [
                              {
                                "k": "email",
                                "v": "dineshvit11@gmail.com"
                              },
                              {
                                "k": "name",
                                "v": "Dinesh Kumar"
                              },
                              {
                                "k": "username",
                                "v": "dineshvit11"
                              }
                            ]
                          }
                        },
                        {
                          "k": "distinct",
                          "v": true
                        },
                        {
                          "k": "id",
                          "v": "9f678e2ce07c40c64b330b98feca5b0dddd3cc46"
                        },
                        {
                          "k": "message",
                          "v": "\"doen action\""
                        },
                        {
                          "k": "timestamp",
                          "v": "2026-05-23T14:30:20+05:30"
                        },
                        {
                          "k": "tree_id",
                          "v": "2b8edaa509db8e66a84f21f415435c3d9d2d216b"
                        },
                        {
                          "k": "url",
                          "v": "https://github.com/dineshvit11/minishopapp/commit/9f678e2ce07c40c64b330b98feca5b0dddd3cc46"
                        }
                      ]
                    },
                    {
                      "t": 2,
                      "d": [
                        {
                          "k": "author",
                          "v": {
                            "t": 2,
                            "d": [
                              {
                                "k": "email",
                                "v": "dineshvit11@gmail.com"
                              },
                              {
                                "k": "name",
                                "v": "Dinesh Kumar"
                              },
                              {
                                "k": "username",
                                "v": "dineshvit11"
                              }
                            ]
                          }
                        },
                        {
                          "k": "committer",
                          "v": {
                            "t": 2,
                            "d": [
                              {
                                "k": "email",
                                "v": "dineshvit11@gmail.com"
                              },
                              {
                                "k": "name",
                                "v": "Dinesh Kumar"
                              },
                              {
                                "k": "username",
                                "v": "dineshvit11"
                              }
                            ]
                          }
                        },
                        {
                          "k": "distinct",
                          "v": true
                        },
                        {
                          "k": "id",
                          "v": "b02020655989bb8884d3bc945ada198242d58a56"
                        },
                        {
                          "k": "message",
                          "v": "done44"
                        },
                        {
                          "k": "timestamp",
                          "v": "2026-05-23T14:33:15+05:30"
                        },
                        {
                          "k": "tree_id",
                          "v": "bebc2357b6fc296ecf768e780da8f7352d28a8e7"
                        },
                        {
                          "k": "url",
                          "v": "https://github.com/dineshvit11/minishopapp/commit/b02020655989bb8884d3bc945ada198242d58a56"
                        }
                      ]
                    }
                  ]
                }
              },
              {
                "k": "compare",
                "v": "https://github.com/dineshvit11/minishopapp/compare/b0ab0295786b...b02020655989"
              },
              {
                "k": "created",
                "v": false
              },
              {
                "k": "deleted",
                "v": false
              },
              {
                "k": "forced",
                "v": false
              },
              {
                "k": "head_commit",
                "v": {
                  "t": 2,
                  "d": [
                    {
                      "k": "author",
                      "v": {
                        "t": 2,
                        "d": [
                          {
                            "k": "email",
                            "v": "dineshvit11@gmail.com"
                          },
                          {
                            "k": "name",
                            "v": "Dinesh Kumar"
                          },
                          {
                            "k": "username",
                            "v": "dineshvit11"
                          }
                        ]
                      }
                    },
                    {
                      "k": "committer",
                      "v": {
                        "t": 2,
                        "d": [
                          {
                            "k": "email",
                            "v": "dineshvit11@gmail.com"
                          },
                          {
                            "k": "name",
                            "v": "Dinesh Kumar"
                          },
                          {
                            "k": "username",
                            "v": "dineshvit11"
                          }
                        ]
                      }
                    },
                    {
                      "k": "distinct",
                      "v": true
                    },
                    {
                      "k": "id",
                      "v": "b02020655989bb8884d3bc945ada198242d58a56"
                    },
                    {
                      "k": "message",
                      "v": "done44"
                    },
                    {
                      "k": "timestamp",
                      "v": "2026-05-23T14:33:15+05:30"
                    },
                    {
                      "k": "tree_id",
                      "v": "bebc2357b6fc296ecf768e780da8f7352d28a8e7"
                    },
                    {
                      "k": "url",
                      "v": "https://github.com/dineshvit11/minishopapp/commit/b02020655989bb8884d3bc945ada198242d58a56"
                    }
                  ]
                }
              },
              {
                "k": "pusher",
                "v": {
                  "t": 2,
                  "d": [
                    {
                      "k": "email",
                      "v": "dineshvit11@gmail.com"
                    },
                    {
                      "k": "name",
                      "v": "dineshvit11"
                    }
                  ]
                }
              },
              {
                "k": "ref",
                "v": "refs/heads/main"
              },
              {
                "k": "repository",
                "v": {
                  "t": 2,
                  "d": [
                    {
                      "k": "allow_forking",
                      "v": true
                    },
                    {
                      "k": "archive_url",
                      "v": "https://api.github.com/repos/dineshvit11/minishopapp/{archive_format}{/ref}"
                    },
                    {
                      "k": "archived",
                      "v": false
                    },
                    {
                      "k": "assignees_url",
                      "v": "https://api.github.com/repos/dineshvit11/minishopapp/assignees{/user}"
                    },
                    {
                      "k": "blobs_url",
                      "v": "https://api.github.com/repos/dineshvit11/minishopapp/git/blobs{/sha}"
                    },
                    {
                      "k": "branches_url",
                      "v": "https://api.github.com/repos/dineshvit11/minishopapp/branches{/branch}"
                    },
                    {
                      "k": "clone_url",
                      "v": "https://github.com/dineshvit11/minishopapp.git"
                    },
                    {
                      "k": "collaborators_url",
                      "v": "https://api.github.com/repos/dineshvit11/minishopapp/collaborators{/collaborator}"
                    },
                    {
                      "k": "comments_url",
                      "v": "https://api.github.com/repos/dineshvit11/minishopapp/comments{/number}"
                    },
                    {
                      "k": "commits_url",
                      "v": "https://api.github.com/repos/dineshvit11/minishopapp/commits{/sha}"
                    },
                    {
                      "k": "compare_url",
                      "v": "https://api.github.com/repos/dineshvit11/minishopapp/compare/{base}...{head}"
                    },
                    {
                      "k": "contents_url",
                      "v": "https://api.github.com/repos/dineshvit11/minishopapp/contents/{+path}"
                    },
                    {
                      "k": "contributors_url",
                      "v": "https://api.github.com/repos/dineshvit11/minishopapp/contributors"
                    },
                    {
                      "k": "created_at",
                      "v": 1779506904.0
                    },
                    {
                      "k": "default_branch",
                      "v": "main"
                    },
                    {
                      "k": "deployments_url",
                      "v": "https://api.github.com/repos/dineshvit11/minishopapp/deployments"
                    },
                    {
                      "k": "description",
                      "v": "minishopapp"
                    },
                    {
                      "k": "disabled",
                      "v": false
                    },
                    {
                      "k": "downloads_url",
                      "v": "https://api.github.com/repos/dineshvit11/minishopapp/downloads"
                    },
                    {
                      "k": "events_url",
                      "v": "https://api.github.com/repos/dineshvit11/minishopapp/events"
                    },
                    {
                      "k": "fork",
                      "v": false
                    },
                    {
                      "k": "forks",
                      "v": 0.0
                    },
                    {
                      "k": "forks_count",
                      "v": 0.0
                    },
                    {
                      "k": "forks_url",
                      "v": "https://api.github.com/repos/dineshvit11/minishopapp/forks"
                    },
                    {
                      "k": "full_name",
                      "v": "dineshvit11/minishopapp"
                    },
                    {
                      "k": "git_commits_url",
                      "v": "https://api.github.com/repos/dineshvit11/minishopapp/git/commits{/sha}"
                    },
                    {
                      "k": "git_refs_url",
                      "v": "https://api.github.com/repos/dineshvit11/minishopapp/git/refs{/sha}"
                    },
                    {
                      "k": "git_tags_url",
                      "v": "https://api.github.com/repos/dineshvit11/minishopapp/git/tags{/sha}"
                    },
                    {
                      "k": "git_url",
                      "v": "git://github.com/dineshvit11/minishopapp.git"
                    },
                    {
                      "k": "has_discussions",
                      "v": false
                    },
                    {
                      "k": "has_downloads",
                      "v": true
                    },
                    {
                      "k": "has_issues",
                      "v": true
                    },
                    {
                      "k": "has_pages",
                      "v": false
                    },
                    {
                      "k": "has_projects",
                      "v": true
                    },
                    {
                      "k": "has_pull_requests",
                      "v": true
                    },
                    {
                      "k": "has_wiki",
                      "v": true
                    },
                    {
                      "k": "homepage",
                      "v": null
                    },
                    {
                      "k": "hooks_url",
                      "v": "https://api.github.com/repos/dineshvit11/minishopapp/hooks"
                    },
                    {
                      "k": "html_url",
                      "v": "https://github.com/dineshvit11/minishopapp"
                    },
                    {
                      "k": "id",
                      "v": 1247221663.0
                    },
                    {
                      "k": "is_template",
                      "v": false
                    },
                    {
                      "k": "issue_comment_url",
                      "v": "https://api.github.com/repos/dineshvit11/minishopapp/issues/comments{/number}"
                    },
                    {
                      "k": "issue_events_url",
                      "v": "https://api.github.com/repos/dineshvit11/minishopapp/issues/events{/number}"
                    },
                    {
                      "k": "issues_url",
                      "v": "https://api.github.com/repos/dineshvit11/minishopapp/issues{/number}"
                    },
                    {
                      "k": "keys_url",
                      "v": "https://api.github.com/repos/dineshvit11/minishopapp/keys{/key_id}"
                    },
                    {
                      "k": "labels_url",
                      "v": "https://api.github.com/repos/dineshvit11/minishopapp/labels{/name}"
                    },
                    {
                      "k": "language",
                      "v": "JavaScript"
                    },
                    {
                      "k": "languages_url",
                      "v": "https://api.github.com/repos/dineshvit11/minishopapp/languages"
                    },
                    {
                      "k": "license",
                      "v": null
                    },
                    {
                      "k": "master_branch",
                      "v": "main"
                    },
                    {
                      "k": "merges_url",
                      "v": "https://api.github.com/repos/dineshvit11/minishopapp/merges"
                    },
                    {
                      "k": "milestones_url",
                      "v": "https://api.github.com/repos/dineshvit11/minishopapp/milestones{/number}"
                    },
                    {
                      "k": "mirror_url",
                      "v": null
                    },
                    {
                      "k": "name",
                      "v": "minishopapp"
                    },
                    {
                      "k": "node_id",
                      "v": "R_kgDOSlcXnw"
                    },
                    {
                      "k": "notifications_url",
                      "v": "https://api.github.com/repos/dineshvit11/minishopapp/notifications{?since,all,participating}"
                    },
                    {
                      "k": "open_issues",
                      "v": 0.0
                    },
                    {
                      "k": "open_issues_count",
                      "v": 0.0
                    },
                    {
                      "k": "owner",
                      "v": {
                        "t": 2,
                        "d": [
                          {
                            "k": "avatar_url",
                            "v": "https://avatars.githubusercontent.com/u/26951630?v=4"
                          },
                          {
                            "k": "email",
                            "v": "dineshvit11@gmail.com"
                          },
                          {
                            "k": "events_url",
                            "v": "https://api.github.com/users/dineshvit11/events{/privacy}"
                          },
                          {
                            "k": "followers_url",
                            "v": "https://api.github.com/users/dineshvit11/followers"
                          },
                          {
                            "k": "following_url",
                            "v": "https://api.github.com/users/dineshvit11/following{/other_user}"
                          },
                          {
                            "k": "gists_url",
                            "v": "https://api.github.com/users/dineshvit11/gists{/gist_id}"
                          },
                          {
                            "k": "gravatar_id",
                            "v": ""
                          },
                          {
                            "k": "html_url",
                            "v": "https://github.com/dineshvit11"
                          },
                          {
                            "k": "id",
                            "v": 26951630.0
                          },
                          {
                            "k": "login",
                            "v": "dineshvit11"
                          },
                          {
                            "k": "name",
                            "v": "dineshvit11"
                          },
                          {
                            "k": "node_id",
                            "v": "MDQ6VXNlcjI2OTUxNjMw"
                          },
                          {
                            "k": "organizations_url",
                            "v": "https://api.github.com/users/dineshvit11/orgs"
                          },
                          {
                            "k": "received_events_url",
                            "v": "https://api.github.com/users/dineshvit11/received_events"
                          },
                          {
                            "k": "repos_url",
                            "v": "https://api.github.com/users/dineshvit11/repos"
                          },
                          {
                            "k": "site_admin",
                            "v": false
                          },
                          {
                            "k": "starred_url",
                            "v": "https://api.github.com/users/dineshvit11/starred{/owner}{/repo}"
                          },
                          {
                            "k": "subscriptions_url",
                            "v": "https://api.github.com/users/dineshvit11/subscriptions"
                          },
                          {
                            "k": "type",
                            "v": "User"
                          },
                          {
                            "k": "url",
                            "v": "https://api.github.com/users/dineshvit11"
                          },
                          {
                            "k": "user_view_type",
                            "v": "public"
                          }
                        ]
                      }
                    },
                    {
                      "k": "private",
                      "v": false
                    },
                    {
                      "k": "pull_request_creation_policy",
                      "v": "all"
                    },
                    {
                      "k": "pulls_url",
                      "v": "https://api.github.com/repos/dineshvit11/minishopapp/pulls{/number}"
                    },
                    {
                      "k": "pushed_at",
                      "v": 1779527040.0
                    },
                    {
                      "k": "releases_url",
                      "v": "https://api.github.com/repos/dineshvit11/minishopapp/releases{/id}"
                    },
                    {
                      "k": "size",
                      "v": 1230.0
                    },
                    {
                      "k": "ssh_url",
                      "v": "git@github.com:dineshvit11/minishopapp.git"
                    },
                    {
                      "k": "stargazers",
                      "v": 0.0
                    },
                    {
                      "k": "stargazers_count",
                      "v": 0.0
                    },
                    {
                      "k": "stargazers_url",
                      "v": "https://api.github.com/repos/dineshvit11/minishopapp/stargazers"
                    },
                    {
                      "k": "statuses_url",
                      "v": "https://api.github.com/repos/dineshvit11/minishopapp/statuses/{sha}"
                    },
                    {
                      "k": "subscribers_url",
                      "v": "https://api.github.com/repos/dineshvit11/minishopapp/subscribers"
                    },
                    {
                      "k": "subscription_url",
                      "v": "https://api.github.com/repos/dineshvit11/minishopapp/subscription"
                    },
                    {
                      "k": "svn_url",
                      "v": "https://github.com/dineshvit11/minishopapp"
                    },
                    {
                      "k": "tags_url",
                      "v": "https://api.github.com/repos/dineshvit11/minishopapp/tags"
                    },
                    {
                      "k": "teams_url",
                      "v": "https://api.github.com/repos/dineshvit11/minishopapp/teams"
                    },
                    {
                      "k": "topics",
                      "v": {
                        "t": 1
                      }
                    },
                    {
                      "k": "trees_url",
                      "v": "https://api.github.com/repos/dineshvit11/minishopapp/git/trees{/sha}"
                    },
                    {
                      "k": "updated_at",
                      "v": "2026-05-23T06:04:18Z"
                    },
                    {
                      "k": "url",
                      "v": "https://api.github.com/repos/dineshvit11/minishopapp"
                    },
                    {
                      "k": "visibility",
                      "v": "public"
                    },
                    {
                      "k": "watchers",
                      "v": 0.0
                    },
                    {
                      "k": "watchers_count",
                      "v": 0.0
                    },
                    {
                      "k": "web_commit_signoff_required",
                      "v": false
                    }
                  ]
                }
              },
              {
                "k": "sender",
                "v": {
                  "t": 2,
                  "d": [
                    {
                      "k": "avatar_url",
                      "v": "https://avatars.githubusercontent.com/u/26951630?v=4"
                    },
                    {
                      "k": "events_url",
                      "v": "https://api.github.com/users/dineshvit11/events{/privacy}"
                    },
                    {
                      "k": "followers_url",
                      "v": "https://api.github.com/users/dineshvit11/followers"
                    },
                    {
                      "k": "following_url",
                      "v": "https://api.github.com/users/dineshvit11/following{/other_user}"
                    },
                    {
                      "k": "gists_url",
                      "v": "https://api.github.com/users/dineshvit11/gists{/gist_id}"
                    },
                    {
                      "k": "gravatar_id",
                      "v": ""
                    },
                    {
                      "k": "html_url",
                      "v": "https://github.com/dineshvit11"
                    },
                    {
                      "k": "id",
                      "v": 26951630.0
                    },
                    {
                      "k": "login",
                      "v": "dineshvit11"
                    },
                    {
                      "k": "node_id",
                      "v": "MDQ6VXNlcjI2OTUxNjMw"
                    },
                    {
                      "k": "organizations_url",
                      "v": "https://api.github.com/users/dineshvit11/orgs"
                    },
                    {
                      "k": "received_events_url",
                      "v": "https://api.github.com/users/dineshvit11/received_events"
                    },
                    {
                      "k": "repos_url",
                      "v": "https://api.github.com/users/dineshvit11/repos"
                    },
                    {
                      "k": "site_admin",
                      "v": false
                    },
                    {
                      "k": "starred_url",
                      "v": "https://api.github.com/users/dineshvit11/starred{/owner}{/repo}"
                    },
                    {
                      "k": "subscriptions_url",
                      "v": "https://api.github.com/users/dineshvit11/subscriptions"
                    },
                    {
                      "k": "type",
                      "v": "User"
                    },
                    {
                      "k": "url",
                      "v": "https://api.github.com/users/dineshvit11"
                    },
                    {
                      "k": "user_view_type",
                      "v": "public"
                    }
                  ]
                }
              }
            ]
          }
        },
        {
          "k": "workflow_ref",
          "v": "dineshvit11/minishopapp/.github/workflows/deployment.yml@refs/heads/main"
        },
        {
          "k": "workflow_sha",
          "v": "b02020655989bb8884d3bc945ada198242d58a56"
        },
        {
          "k": "repository_id",
          "v": "1247221663"
        },
        {
          "k": "triggering_actor",
          "v": "dineshvit11"
        }
      ]
    },
    "inputs": {
      "t": 2
    },
    "job": {
      "t": 2,
      "d": [
        {
          "k": "check_run_id",
          "v": 77511190675.0
        },
        {
          "k": "workflow_ref",
          "v": "dineshvit11/minishopapp/.github/workflows/deployment.yml@refs/heads/main"
        },
        {
          "k": "workflow_sha",
          "v": "b02020655989bb8884d3bc945ada198242d58a56"
        },
        {
          "k": "workflow_repository",
          "v": "dineshvit11/minishopapp"
        },
        {
          "k": "workflow_file_path",
          "v": ".github/workflows/deployment.yml"
        }
      ]
    },
    "matrix": null,
    "needs": {
      "t": 2
    },
    "strategy": {
      "t": 2,
      "d": [
        {
          "k": "fail-fast",
          "v": true
        },
        {
          "k": "job-index",
          "v": 0.0
        },
        {
          "k": "job-total",
          "v": 1.0
        },
        {
          "k": "max-parallel",
          "v": 1.0
        }
      ]
    },
    "vars": {
      "t": 2
    }
  },
  "billingOwnerId": "U_kgDOAZs_zg"
}
[2026-05-23 09:04:07Z INFO JobRunner] Job ID 1232d1bf-1a96-5e26-96bc-482431ef50c4
[2026-05-23 09:04:07Z INFO ConfigurationStore] currentAssemblyLocation: D:\minishopapp\minishopapp\actions-runner\bin\Runner.Worker.dll
[2026-05-23 09:04:07Z INFO HostContext] Well known directory 'Bin': 'D:\minishopapp\minishopapp\actions-runner\bin'
[2026-05-23 09:04:07Z INFO ConfigurationStore] binPath: D:\minishopapp\minishopapp\actions-runner\bin
[2026-05-23 09:04:07Z INFO HostContext] Well known directory 'Bin': 'D:\minishopapp\minishopapp\actions-runner\bin'
[2026-05-23 09:04:07Z INFO HostContext] Well known directory 'Root': 'D:\minishopapp\minishopapp\actions-runner'
[2026-05-23 09:04:07Z INFO ConfigurationStore] RootFolder: D:\minishopapp\minishopapp\actions-runner
[2026-05-23 09:04:07Z INFO HostContext] Well known directory 'Bin': 'D:\minishopapp\minishopapp\actions-runner\bin'
[2026-05-23 09:04:07Z INFO HostContext] Well known directory 'Root': 'D:\minishopapp\minishopapp\actions-runner'
[2026-05-23 09:04:07Z INFO HostContext] Well known config file 'Runner': 'D:\minishopapp\minishopapp\actions-runner\.runner'
[2026-05-23 09:04:07Z INFO ConfigurationStore] ConfigFilePath: D:\minishopapp\minishopapp\actions-runner\.runner
[2026-05-23 09:04:07Z INFO HostContext] Well known directory 'Bin': 'D:\minishopapp\minishopapp\actions-runner\bin'
[2026-05-23 09:04:07Z INFO HostContext] Well known directory 'Root': 'D:\minishopapp\minishopapp\actions-runner'
[2026-05-23 09:04:07Z INFO HostContext] Well known config file 'MigratedRunner': 'D:\minishopapp\minishopapp\actions-runner\.runner_migrated'
[2026-05-23 09:04:07Z INFO ConfigurationStore] MigratedConfigFilePath: D:\minishopapp\minishopapp\actions-runner\.runner_migrated
[2026-05-23 09:04:07Z INFO HostContext] Well known directory 'Bin': 'D:\minishopapp\minishopapp\actions-runner\bin'
[2026-05-23 09:04:07Z INFO HostContext] Well known directory 'Root': 'D:\minishopapp\minishopapp\actions-runner'
[2026-05-23 09:04:07Z INFO HostContext] Well known config file 'Credentials': 'D:\minishopapp\minishopapp\actions-runner\.credentials'
[2026-05-23 09:04:07Z INFO ConfigurationStore] CredFilePath: D:\minishopapp\minishopapp\actions-runner\.credentials
[2026-05-23 09:04:07Z INFO HostContext] Well known directory 'Bin': 'D:\minishopapp\minishopapp\actions-runner\bin'
[2026-05-23 09:04:07Z INFO HostContext] Well known directory 'Root': 'D:\minishopapp\minishopapp\actions-runner'
[2026-05-23 09:04:07Z INFO HostContext] Well known config file 'MigratedCredentials': 'D:\minishopapp\minishopapp\actions-runner\.credentials_migrated'
[2026-05-23 09:04:07Z INFO ConfigurationStore] MigratedCredFilePath: D:\minishopapp\minishopapp\actions-runner\.credentials_migrated
[2026-05-23 09:04:07Z INFO HostContext] Well known directory 'Bin': 'D:\minishopapp\minishopapp\actions-runner\bin'
[2026-05-23 09:04:07Z INFO HostContext] Well known directory 'Root': 'D:\minishopapp\minishopapp\actions-runner'
[2026-05-23 09:04:07Z INFO HostContext] Well known config file 'Service': 'D:\minishopapp\minishopapp\actions-runner\.service'
[2026-05-23 09:04:07Z INFO ConfigurationStore] ServiceConfigFilePath: D:\minishopapp\minishopapp\actions-runner\.service
[2026-05-23 09:04:07Z INFO ConfigurationStore] Read setting file: 391 chars
[2026-05-23 09:04:07Z INFO JobRunner] Initializing launch client
[2026-05-23 09:04:07Z INFO JobServerQueue] Initializing results client
[2026-05-23 09:04:07Z INFO ResultServer] Creating websocket client ...wss://results-receiver.actions.githubusercontent.com/_ws/ingest.sock
[2026-05-23 09:04:07Z INFO ResultServer] Attempting to start websocket client with delay 00:00:00.
[2026-05-23 09:04:07Z INFO JobServerQueue] Start process web console line queue.
[2026-05-23 09:04:07Z INFO JobServerQueue] Start process file upload queue.
[2026-05-23 09:04:07Z INFO JobServerQueue] Start results file upload queue.
[2026-05-23 09:04:07Z INFO JobServerQueue] Starting results-based upload queue...
[2026-05-23 09:04:07Z INFO JobServerQueue] Start process timeline update queue.
[2026-05-23 09:04:07Z INFO ExecutionContext] Initializing Job context
[2026-05-23 09:04:07Z INFO ExecutionContext] Initialize GitHub context
[2026-05-23 09:04:07Z INFO ExecutionContext] Initialize Env context
[2026-05-23 09:04:07Z INFO HostContext] Well known directory 'Bin': 'D:\minishopapp\minishopapp\actions-runner\bin'
[2026-05-23 09:04:07Z INFO HostContext] Well known directory 'Root': 'D:\minishopapp\minishopapp\actions-runner'
[2026-05-23 09:04:07Z INFO HostContext] Well known directory 'Diag': 'D:\minishopapp\minishopapp\actions-runner\_diag'
[2026-05-23 09:04:07Z INFO HostContext] Well known directory 'Bin': 'D:\minishopapp\minishopapp\actions-runner\bin'
[2026-05-23 09:04:07Z INFO HostContext] Well known directory 'Root': 'D:\minishopapp\minishopapp\actions-runner'
[2026-05-23 09:04:07Z INFO HostContext] Well known directory 'Diag': 'D:\minishopapp\minishopapp\actions-runner\_diag'
[2026-05-23 09:04:07Z INFO JobRunner] Starting the job execution context.
[2026-05-23 09:04:07Z INFO HostContext] Well known directory 'Bin': 'D:\minishopapp\minishopapp\actions-runner\bin'
[2026-05-23 09:04:07Z INFO HostContext] Well known directory 'Root': 'D:\minishopapp\minishopapp\actions-runner'
[2026-05-23 09:04:07Z INFO HostContext] Well known directory 'Work': 'D:\minishopapp\minishopapp\actions-runner\_work'
[2026-05-23 09:04:07Z INFO JobRunner] Validating directory permissions for: 'D:\minishopapp\minishopapp\actions-runner\_work'
[2026-05-23 09:04:07Z INFO HostContext] Well known directory 'Bin': 'D:\minishopapp\minishopapp\actions-runner\bin'
[2026-05-23 09:04:07Z INFO HostContext] Well known directory 'Root': 'D:\minishopapp\minishopapp\actions-runner'
[2026-05-23 09:04:07Z INFO HostContext] Well known directory 'Work': 'D:\minishopapp\minishopapp\actions-runner\_work'
[2026-05-23 09:04:07Z INFO HostContext] Well known directory 'Tools': 'D:\minishopapp\minishopapp\actions-runner\_work\_tool'
[2026-05-23 09:04:07Z INFO HostContext] Well known directory 'Bin': 'D:\minishopapp\minishopapp\actions-runner\bin'
[2026-05-23 09:04:07Z INFO HostContext] Well known directory 'Root': 'D:\minishopapp\minishopapp\actions-runner'
[2026-05-23 09:04:07Z INFO HostContext] Well known directory 'Work': 'D:\minishopapp\minishopapp\actions-runner\_work'
[2026-05-23 09:04:07Z INFO HostContext] Well known directory 'Temp': 'D:\minishopapp\minishopapp\actions-runner\_work\_temp'
[2026-05-23 09:04:07Z INFO JobRunner] Getting job extension.
[2026-05-23 09:04:07Z INFO JobRunner] Initialize job. Getting all job steps.
[2026-05-23 09:04:07Z INFO HostContext] Well known directory 'Bin': 'D:\minishopapp\minishopapp\actions-runner\bin'
[2026-05-23 09:04:07Z INFO HostContext] Well known directory 'Root': 'D:\minishopapp\minishopapp\actions-runner'
[2026-05-23 09:04:07Z INFO HostContext] Well known directory 'Diag': 'D:\minishopapp\minishopapp\actions-runner\_diag'
[2026-05-23 09:04:07Z INFO HostContext] Well known directory 'Bin': 'D:\minishopapp\minishopapp\actions-runner\bin'
[2026-05-23 09:04:07Z INFO HostContext] Well known directory 'Root': 'D:\minishopapp\minishopapp\actions-runner'
[2026-05-23 09:04:07Z INFO HostContext] Well known directory 'Diag': 'D:\minishopapp\minishopapp\actions-runner\_diag'
[2026-05-23 09:04:07Z INFO HostContext] Well known directory 'Bin': 'D:\minishopapp\minishopapp\actions-runner\bin'
[2026-05-23 09:04:07Z INFO HostContext] Well known directory 'Root': 'D:\minishopapp\minishopapp\actions-runner'
[2026-05-23 09:04:07Z INFO HostContext] Well known config file 'Credentials': 'D:\minishopapp\minishopapp\actions-runner\.credentials'
[2026-05-23 09:04:07Z INFO HostContext] Well known directory 'Bin': 'D:\minishopapp\minishopapp\actions-runner\bin'
[2026-05-23 09:04:07Z INFO HostContext] Well known directory 'Root': 'D:\minishopapp\minishopapp\actions-runner'
[2026-05-23 09:04:07Z INFO HostContext] Well known config file 'SetupInfo': 'D:\minishopapp\minishopapp\actions-runner\.setup_info'
[2026-05-23 09:04:07Z INFO HostContext] Well known directory 'Bin': 'D:\minishopapp\minishopapp\actions-runner\bin'
[2026-05-23 09:04:07Z INFO HostContext] Well known directory 'Root': 'D:\minishopapp\minishopapp\actions-runner'
[2026-05-23 09:04:07Z INFO HostContext] Well known directory 'Work': 'D:\minishopapp\minishopapp\actions-runner\_work'
[2026-05-23 09:04:07Z INFO PipelineDirectoryManager] Loading tracking config if exists: D:\minishopapp\minishopapp\actions-runner\_work\_PipelineMapping\dineshvit11/minishopapp\PipelineFolder.json
[2026-05-23 09:04:07Z INFO PipelineDirectoryManager] Creating a new tracking config file.
[2026-05-23 09:04:07Z INFO HostContext] Well known directory 'Bin': 'D:\minishopapp\minishopapp\actions-runner\bin'
[2026-05-23 09:04:07Z INFO HostContext] Well known directory 'Root': 'D:\minishopapp\minishopapp\actions-runner'
[2026-05-23 09:04:07Z INFO HostContext] Well known directory 'Work': 'D:\minishopapp\minishopapp\actions-runner\_work'
[2026-05-23 09:04:07Z INFO PipelineDirectoryManager] Creating pipeline directory.
[2026-05-23 09:04:07Z INFO HostContext] Well known directory 'Bin': 'D:\minishopapp\minishopapp\actions-runner\bin'
[2026-05-23 09:04:07Z INFO HostContext] Well known directory 'Root': 'D:\minishopapp\minishopapp\actions-runner'
[2026-05-23 09:04:07Z INFO HostContext] Well known directory 'Work': 'D:\minishopapp\minishopapp\actions-runner\_work'
[2026-05-23 09:04:07Z INFO PipelineDirectoryManager] Creating workspace directory.
[2026-05-23 09:04:07Z INFO HostContext] Well known directory 'Bin': 'D:\minishopapp\minishopapp\actions-runner\bin'
[2026-05-23 09:04:07Z INFO HostContext] Well known directory 'Root': 'D:\minishopapp\minishopapp\actions-runner'
[2026-05-23 09:04:07Z INFO HostContext] Well known directory 'Work': 'D:\minishopapp\minishopapp\actions-runner\_work'
[2026-05-23 09:04:07Z INFO JobExtension] Downloading actions
[2026-05-23 09:04:07Z INFO HostContext] Well known directory 'Bin': 'D:\minishopapp\minishopapp\actions-runner\bin'
[2026-05-23 09:04:07Z INFO HostContext] Well known directory 'Root': 'D:\minishopapp\minishopapp\actions-runner'
[2026-05-23 09:04:07Z INFO HostContext] Well known directory 'Work': 'D:\minishopapp\minishopapp\actions-runner\_work'
[2026-05-23 09:04:07Z INFO HostContext] Well known directory 'Actions': 'D:\minishopapp\minishopapp\actions-runner\_work\_actions'
[2026-05-23 09:04:07Z INFO Worker] Listening for cancel message from the channel.
[2026-05-23 09:04:07Z INFO Worker] Waiting for the job to complete or for a cancel message from the channel.
[2026-05-23 09:04:08Z INFO ResultServer] Successfully started websocket client.
[2026-05-23 09:04:08Z INFO JobServerQueue] Try to append 1 batches web console lines for record 'fae1a78d-c5c2-4462-a46a-3fca3f18c4bd', success rate: 1/1.
[2026-05-23 09:04:08Z INFO HostContext] Well known directory 'Bin': 'D:\minishopapp\minishopapp\actions-runner\bin'
[2026-05-23 09:04:08Z INFO HostContext] Well known directory 'Root': 'D:\minishopapp\minishopapp\actions-runner'
[2026-05-23 09:04:08Z INFO HostContext] Well known directory 'Work': 'D:\minishopapp\minishopapp\actions-runner\_work'
[2026-05-23 09:04:08Z INFO HostContext] Well known directory 'Actions': 'D:\minishopapp\minishopapp\actions-runner\_work\_actions'
[2026-05-23 09:04:08Z INFO HostContext] Well known directory 'Bin': 'D:\minishopapp\minishopapp\actions-runner\bin'
[2026-05-23 09:04:08Z INFO HostContext] Well known directory 'Root': 'D:\minishopapp\minishopapp\actions-runner'
[2026-05-23 09:04:08Z INFO HostContext] Well known directory 'Work': 'D:\minishopapp\minishopapp\actions-runner\_work'
[2026-05-23 09:04:08Z INFO HostContext] Well known directory 'Actions': 'D:\minishopapp\minishopapp\actions-runner\_work\_actions'
[2026-05-23 09:04:08Z INFO ActionManager] Save archive 'https://codeload.github.com/actions/checkout/zip/34e114876b0b11c390a56381ad16ebd13914f8d5' into D:\minishopapp\minishopapp\actions-runner\_work\_actions\_temp_a23e6ac7-fce1-467b-935c-fa85b740265a\98ed9a40-95f3-4330-ab01-e1f0dc49a550.zip.
[2026-05-23 09:04:08Z INFO ActionManager] Using Basic token for action archive download.
[2026-05-23 09:04:08Z INFO JobServerQueue] Job timeline record has been updated for the first time.
[2026-05-23 09:04:08Z INFO JobServerQueue] Try to append 1 batches web console lines for record 'fae1a78d-c5c2-4462-a46a-3fca3f18c4bd', success rate: 1/1.
[2026-05-23 09:04:09Z INFO ActionManager] Request URL: https://codeload.github.com/actions/checkout/zip/34e114876b0b11c390a56381ad16ebd13914f8d5 X-GitHub-Request-Id: C983:272523:2CA27:19EF25:6A116D89 Http Status: OK
[2026-05-23 09:04:09Z INFO ActionManager] Finished getting action repository.
[2026-05-23 09:04:09Z INFO HostContext] Well known directory 'Bin': 'D:\minishopapp\minishopapp\actions-runner\bin'
[2026-05-23 09:04:09Z INFO HostContext] Well known directory 'Root': 'D:\minishopapp\minishopapp\actions-runner'
[2026-05-23 09:04:09Z INFO HostContext] Well known directory 'Work': 'D:\minishopapp\minishopapp\actions-runner\_work'
[2026-05-23 09:04:09Z INFO HostContext] Well known directory 'Actions': 'D:\minishopapp\minishopapp\actions-runner\_work\_actions'
[2026-05-23 09:04:09Z INFO ActionManifestManagerLegacy] Load schema file with definitions: [
  "null",
  "boolean",
  "number",
  "string",
  "sequence",
  "mapping",
  "any",
  "action-root",
  "inputs",
  "input",
  "outputs",
  "output-definition",
  "runs",
  "container-runs",
  "container-runs-args",
  "container-runs-env",
  "node-runs",
  "plugin-runs",
  "composite-runs",
  "composite-steps",
  "composite-step",
  "run-step",
  "uses-step",
  "container-runs-context",
  "output-value",
  "input-default-context",
  "non-empty-string",
  "string-steps-context",
  "boolean-steps-context",
  "step-env",
  "step-if",
  "step-with"
]
[2026-05-23 09:04:09Z INFO ActionManifestManager] Load schema file with definitions: [
  "null",
  "boolean",
  "number",
  "string",
  "sequence",
  "mapping",
  "any",
  "action-root",
  "inputs",
  "input",
  "outputs",
  "output-definition",
  "runs",
  "container-runs",
  "container-runs-args",
  "container-runs-env",
  "node-runs",
  "plugin-runs",
  "composite-runs",
  "composite-steps",
  "composite-step",
  "run-step",
  "uses-step",
  "container-runs-context",
  "output-value",
  "input-default-context",
  "non-empty-string",
  "string-steps-context",
  "boolean-steps-context",
  "step-env",
  "step-if",
  "step-with"
]
[2026-05-23 09:04:09Z INFO HostContext] Well known directory 'Bin': 'D:\minishopapp\minishopapp\actions-runner\bin'
[2026-05-23 09:04:09Z INFO HostContext] Well known directory 'Root': 'D:\minishopapp\minishopapp\actions-runner'
[2026-05-23 09:04:09Z INFO HostContext] Well known directory 'Work': 'D:\minishopapp\minishopapp\actions-runner\_work'
[2026-05-23 09:04:09Z INFO HostContext] Well known directory 'Actions': 'D:\minishopapp\minishopapp\actions-runner\_work\_actions'
[2026-05-23 09:04:09Z INFO ActionManifestManagerLegacy] Loaded action.yml file: {
  "name": "Checkout",
  "description": "Checkout a Git repository at a particular version",
  "inputs": {
    "type": 2,
    "map": [
      {
        "key": {
          "type": 0,
          "file": 2,
          "line": 4,
          "col": 3,
          "lit": "repository"
        },
        "value": {
          "type": 3,
          "file": 2,
          "line": 6,
          "col": 14,
          "expr": "github.repository"
        }
      },
      {
        "key": {
          "type": 0,
          "file": 2,
          "line": 7,
          "col": 3,
          "lit": "ref"
        },
        "value": ""
      },
      {
        "key": {
          "type": 0,
          "file": 2,
          "line": 12,
          "col": 3,
          "lit": "token"
        },
        "value": {
          "type": 3,
          "file": 2,
          "line": 24,
          "col": 14,
          "expr": "github.token"
        }
      },
      {
        "key": {
          "type": 0,
          "file": 2,
          "line": 25,
          "col": 3,
          "lit": "ssh-key"
        },
        "value": ""
      },
      {
        "key": {
          "type": 0,
          "file": 2,
          "line": 37,
          "col": 3,
          "lit": "ssh-known-hosts"
        },
        "value": ""
      },
      {
        "key": {
          "type": 0,
          "file": 2,
          "line": 42,
          "col": 3,
          "lit": "ssh-strict"
        },
        "value": {
          "type": 0,
          "file": 2,
          "line": 47,
          "col": 14,
          "lit": "true"
        }
      },
      {
        "key": {
          "type": 0,
          "file": 2,
          "line": 48,
          "col": 3,
          "lit": "ssh-user"
        },
        "value": {
          "type": 0,
          "file": 2,
          "line": 51,
          "col": 14,
          "lit": "git"
        }
      },
      {
        "key": {
          "type": 0,
          "file": 2,
          "line": 52,
          "col": 3,
          "lit": "persist-credentials"
        },
        "value": {
          "type": 0,
          "file": 2,
          "line": 54,
          "col": 14,
          "lit": "true"
        }
      },
      {
        "key": {
          "type": 0,
          "file": 2,
          "line": 55,
          "col": 3,
          "lit": "path"
        },
        "value": ""
      },
      {
        "key": {
          "type": 0,
          "file": 2,
          "line": 57,
          "col": 3,
          "lit": "clean"
        },
        "value": {
          "type": 0,
          "file": 2,
          "line": 59,
          "col": 14,
          "lit": "true"
        }
      },
      {
        "key": {
          "type": 0,
          "file": 2,
          "line": 60,
          "col": 3,
          "lit": "filter"
        },
        "value": {
          "type": 0,
          "file": 2,
          "line": 64,
          "col": 14,
          "lit": ""
        }
      },
      {
        "key": {
          "type": 0,
          "file": 2,
          "line": 65,
          "col": 3,
          "lit": "sparse-checkout"
        },
        "value": {
          "type": 0,
          "file": 2,
          "line": 69,
          "col": 14,
          "lit": ""
        }
      },
      {
        "key": {
          "type": 0,
          "file": 2,
          "line": 70,
          "col": 3,
          "lit": "sparse-checkout-cone-mode"
        },
        "value": {
          "type": 0,
          "file": 2,
          "line": 73,
          "col": 14,
          "lit": "true"
        }
      },
      {
        "key": {
          "type": 0,
          "file": 2,
          "line": 74,
          "col": 3,
          "lit": "fetch-depth"
        },
        "value": {
          "type": 0,
          "file": 2,
          "line": 76,
          "col": 14,
          "lit": "1"
        }
      },
      {
        "key": {
          "type": 0,
          "file": 2,
          "line": 77,
          "col": 3,
          "lit": "fetch-tags"
        },
        "value": {
          "type": 0,
          "file": 2,
          "line": 79,
          "col": 14,
          "lit": "false"
        }
      },
      {
        "key": {
          "type": 0,
          "file": 2,
          "line": 80,
          "col": 3,
          "lit": "show-progress"
        },
        "value": {
          "type": 0,
          "file": 2,
          "line": 82,
          "col": 14,
          "lit": "true"
        }
      },
      {
        "key": {
          "type": 0,
          "file": 2,
          "line": 83,
          "col": 3,
          "lit": "lfs"
        },
        "value": {
          "type": 0,
          "file": 2,
          "line": 85,
          "col": 14,
          "lit": "false"
        }
      },
      {
        "key": {
          "type": 0,
          "file": 2,
          "line": 86,
          "col": 3,
          "lit": "submodules"
        },
        "value": {
          "type": 0,
          "file": 2,
          "line": 94,
          "col": 14,
          "lit": "false"
        }
      },
      {
        "key": {
          "type": 0,
          "file": 2,
          "line": 95,
          "col": 3,
          "lit": "set-safe-directory"
        },
        "value": {
          "type": 0,
          "file": 2,
          "line": 97,
          "col": 14,
          "lit": "true"
        }
      },
      {
        "key": {
          "type": 0,
          "file": 2,
          "line": 98,
          "col": 3,
          "lit": "github-server-url"
        },
        "value": ""
      }
    ]
  },
  "execution": {
    "executionType": "nodeJS",
    "hasPre": false,
    "hasPost": true,
    "script": "dist/index.js",
    "pre": null,
    "post": "dist/index.js",
    "nodeVersion": "node20",
    "cleanupCondition": "always()",
    "initCondition": "always()"
  },
  "deprecated": null
}
[2026-05-23 09:04:09Z INFO ActionManager] Action node.js file: dist/index.js, no more preparation.
[2026-05-23 09:04:09Z INFO HostContext] Well known directory 'Bin': 'D:\minishopapp\minishopapp\actions-runner\bin'
[2026-05-23 09:04:09Z INFO HostContext] Well known directory 'Root': 'D:\minishopapp\minishopapp\actions-runner'
[2026-05-23 09:04:09Z INFO HostContext] Well known directory 'Work': 'D:\minishopapp\minishopapp\actions-runner\_work'
[2026-05-23 09:04:09Z INFO HostContext] Well known directory 'Actions': 'D:\minishopapp\minishopapp\actions-runner\_work\_actions'
[2026-05-23 09:04:09Z INFO ActionManager] Load action that reference repository from 'D:\minishopapp\minishopapp\actions-runner\_work\_actions\actions\checkout\v4'
[2026-05-23 09:04:09Z INFO HostContext] Well known directory 'Bin': 'D:\minishopapp\minishopapp\actions-runner\bin'
[2026-05-23 09:04:09Z INFO HostContext] Well known directory 'Root': 'D:\minishopapp\minishopapp\actions-runner'
[2026-05-23 09:04:09Z INFO HostContext] Well known directory 'Work': 'D:\minishopapp\minishopapp\actions-runner\_work'
[2026-05-23 09:04:09Z INFO HostContext] Well known directory 'Actions': 'D:\minishopapp\minishopapp\actions-runner\_work\_actions'
[2026-05-23 09:04:09Z INFO ActionManifestManagerLegacy] Loaded action.yml file: {
  "name": "Checkout",
  "description": "Checkout a Git repository at a particular version",
  "inputs": {
    "type": 2,
    "map": [
      {
        "key": {
          "type": 0,
          "file": 2,
          "line": 4,
          "col": 3,
          "lit": "repository"
        },
        "value": {
          "type": 3,
          "file": 2,
          "line": 6,
          "col": 14,
          "expr": "github.repository"
        }
      },
      {
        "key": {
          "type": 0,
          "file": 2,
          "line": 7,
          "col": 3,
          "lit": "ref"
        },
        "value": ""
      },
      {
        "key": {
          "type": 0,
          "file": 2,
          "line": 12,
          "col": 3,
          "lit": "token"
        },
        "value": {
          "type": 3,
          "file": 2,
          "line": 24,
          "col": 14,
          "expr": "github.token"
        }
      },
      {
        "key": {
          "type": 0,
          "file": 2,
          "line": 25,
          "col": 3,
          "lit": "ssh-key"
        },
        "value": ""
      },
      {
        "key": {
          "type": 0,
          "file": 2,
          "line": 37,
          "col": 3,
          "lit": "ssh-known-hosts"
        },
        "value": ""
      },
      {
        "key": {
          "type": 0,
          "file": 2,
          "line": 42,
          "col": 3,
          "lit": "ssh-strict"
        },
        "value": {
          "type": 0,
          "file": 2,
          "line": 47,
          "col": 14,
          "lit": "true"
        }
      },
      {
        "key": {
          "type": 0,
          "file": 2,
          "line": 48,
          "col": 3,
          "lit": "ssh-user"
        },
        "value": {
          "type": 0,
          "file": 2,
          "line": 51,
          "col": 14,
          "lit": "git"
        }
      },
      {
        "key": {
          "type": 0,
          "file": 2,
          "line": 52,
          "col": 3,
          "lit": "persist-credentials"
        },
        "value": {
          "type": 0,
          "file": 2,
          "line": 54,
          "col": 14,
          "lit": "true"
        }
      },
      {
        "key": {
          "type": 0,
          "file": 2,
          "line": 55,
          "col": 3,
          "lit": "path"
        },
        "value": ""
      },
      {
        "key": {
          "type": 0,
          "file": 2,
          "line": 57,
          "col": 3,
          "lit": "clean"
        },
        "value": {
          "type": 0,
          "file": 2,
          "line": 59,
          "col": 14,
          "lit": "true"
        }
      },
      {
        "key": {
          "type": 0,
          "file": 2,
          "line": 60,
          "col": 3,
          "lit": "filter"
        },
        "value": {
          "type": 0,
          "file": 2,
          "line": 64,
          "col": 14,
          "lit": ""
        }
      },
      {
        "key": {
          "type": 0,
          "file": 2,
          "line": 65,
          "col": 3,
          "lit": "sparse-checkout"
        },
        "value": {
          "type": 0,
          "file": 2,
          "line": 69,
          "col": 14,
          "lit": ""
        }
      },
      {
        "key": {
          "type": 0,
          "file": 2,
          "line": 70,
          "col": 3,
          "lit": "sparse-checkout-cone-mode"
        },
        "value": {
          "type": 0,
          "file": 2,
          "line": 73,
          "col": 14,
          "lit": "true"
        }
      },
      {
        "key": {
          "type": 0,
          "file": 2,
          "line": 74,
          "col": 3,
          "lit": "fetch-depth"
        },
        "value": {
          "type": 0,
          "file": 2,
          "line": 76,
          "col": 14,
          "lit": "1"
        }
      },
      {
        "key": {
          "type": 0,
          "file": 2,
          "line": 77,
          "col": 3,
          "lit": "fetch-tags"
        },
        "value": {
          "type": 0,
          "file": 2,
          "line": 79,
          "col": 14,
          "lit": "false"
        }
      },
      {
        "key": {
          "type": 0,
          "file": 2,
          "line": 80,
          "col": 3,
          "lit": "show-progress"
        },
        "value": {
          "type": 0,
          "file": 2,
          "line": 82,
          "col": 14,
          "lit": "true"
        }
      },
      {
        "key": {
          "type": 0,
          "file": 2,
          "line": 83,
          "col": 3,
          "lit": "lfs"
        },
        "value": {
          "type": 0,
          "file": 2,
          "line": 85,
          "col": 14,
          "lit": "false"
        }
      },
      {
        "key": {
          "type": 0,
          "file": 2,
          "line": 86,
          "col": 3,
          "lit": "submodules"
        },
        "value": {
          "type": 0,
          "file": 2,
          "line": 94,
          "col": 14,
          "lit": "false"
        }
      },
      {
        "key": {
          "type": 0,
          "file": 2,
          "line": 95,
          "col": 3,
          "lit": "set-safe-directory"
        },
        "value": {
          "type": 0,
          "file": 2,
          "line": 97,
          "col": 14,
          "lit": "true"
        }
      },
      {
        "key": {
          "type": 0,
          "file": 2,
          "line": 98,
          "col": 3,
          "lit": "github-server-url"
        },
        "value": ""
      }
    ]
  },
  "execution": {
    "executionType": "nodeJS",
    "hasPre": false,
    "hasPost": true,
    "script": "dist/index.js",
    "pre": null,
    "post": "dist/index.js",
    "nodeVersion": "node20",
    "cleanupCondition": "always()",
    "initCondition": "always()"
  },
  "deprecated": null
}
[2026-05-23 09:04:09Z INFO ActionManager] Action pre node.js file: N/A.
[2026-05-23 09:04:09Z INFO ActionManager] Action node.js file: dist/index.js.
[2026-05-23 09:04:09Z INFO ActionManager] Action post node.js file: dist/index.js.
[2026-05-23 09:04:09Z INFO JobExtension] Adding .
[2026-05-23 09:04:09Z INFO JobExtension] Adding .
[2026-05-23 09:04:09Z INFO HostContext] Well known directory 'Bin': 'D:\minishopapp\minishopapp\actions-runner\bin'
[2026-05-23 09:04:09Z INFO HostContext] Well known directory 'Root': 'D:\minishopapp\minishopapp\actions-runner'
[2026-05-23 09:04:09Z INFO HostContext] Well known directory 'Diag': 'D:\minishopapp\minishopapp\actions-runner\_diag'
[2026-05-23 09:04:09Z INFO HostContext] Well known directory 'Bin': 'D:\minishopapp\minishopapp\actions-runner\bin'
[2026-05-23 09:04:09Z INFO HostContext] Well known directory 'Root': 'D:\minishopapp\minishopapp\actions-runner'
[2026-05-23 09:04:09Z INFO HostContext] Well known directory 'Diag': 'D:\minishopapp\minishopapp\actions-runner\_diag'
[2026-05-23 09:04:09Z INFO HostContext] Well known directory 'Bin': 'D:\minishopapp\minishopapp\actions-runner\bin'
[2026-05-23 09:04:09Z INFO HostContext] Well known directory 'Root': 'D:\minishopapp\minishopapp\actions-runner'
[2026-05-23 09:04:09Z INFO HostContext] Well known directory 'Diag': 'D:\minishopapp\minishopapp\actions-runner\_diag'
[2026-05-23 09:04:09Z INFO HostContext] Well known directory 'Bin': 'D:\minishopapp\minishopapp\actions-runner\bin'
[2026-05-23 09:04:09Z INFO HostContext] Well known directory 'Root': 'D:\minishopapp\minishopapp\actions-runner'
[2026-05-23 09:04:09Z INFO HostContext] Well known directory 'Diag': 'D:\minishopapp\minishopapp\actions-runner\_diag'
[2026-05-23 09:04:09Z INFO JobExtension] Total accessible running process: 319.
[2026-05-23 09:04:09Z INFO HostContext] Well known directory 'Bin': 'D:\minishopapp\minishopapp\actions-runner\bin'
[2026-05-23 09:04:09Z INFO HostContext] Well known directory 'Root': 'D:\minishopapp\minishopapp\actions-runner'
[2026-05-23 09:04:09Z INFO HostContext] Well known directory 'Work': 'D:\minishopapp\minishopapp\actions-runner\_work'
[2026-05-23 09:04:09Z INFO JobExtension] Start checking server connectivity.
[2026-05-23 09:04:09Z INFO JobExtension] Check server connectivity for https://broker.actions.githubusercontent.com/health.
[2026-05-23 09:04:09Z INFO JobExtension] Check server connectivity for https://token.actions.githubusercontent.com/ready.
[2026-05-23 09:04:09Z INFO JobExtension] Check server connectivity for https://run.actions.githubusercontent.com/health.
[2026-05-23 09:04:09Z INFO JobExtension] Start checking service connectivity in background.
[2026-05-23 09:04:09Z INFO ExecutionContext] Publish step telemetry for current step {
  "action": "setup_job",
  "type": "runner",
  "stage": "Pre",
  "stepId": "fae1a78d-c5c2-4462-a46a-3fca3f18c4bd",
  "result": "succeeded",
  "errorMessages": [],
  "executionTimeInSeconds": 3,
  "startTime": "2026-05-23T09:04:07.4777283Z",
  "finishTime": "2026-05-23T09:04:09.5093953Z"
}.
[2026-05-23 09:04:09Z INFO JobRunner] Total job steps: 2.
[2026-05-23 09:04:09Z INFO JobRunner] Run all job steps.
[2026-05-23 09:04:09Z INFO DapDebugger] DapDebugger initialized
[2026-05-23 09:04:09Z INFO StepsRunner] Processing step: DisplayName='Run actions/checkout@v4'
[2026-05-23 09:04:09Z INFO StepsRunner] Evaluating: success()
[2026-05-23 09:04:09Z INFO StepsRunner] Result: true
[2026-05-23 09:04:09Z INFO StepsRunner] Starting the step.
[2026-05-23 09:04:09Z INFO HostContext] Well known directory 'Bin': 'D:\minishopapp\minishopapp\actions-runner\bin'
[2026-05-23 09:04:09Z INFO HostContext] Well known directory 'Root': 'D:\minishopapp\minishopapp\actions-runner'
[2026-05-23 09:04:09Z INFO HostContext] Well known directory 'Work': 'D:\minishopapp\minishopapp\actions-runner\_work'
[2026-05-23 09:04:09Z INFO StepsRunner] Which2: 'chcp'
[2026-05-23 09:04:09Z INFO StepsRunner] Location: 'C:\WINDOWS\system32\chcp.COM'
[2026-05-23 09:04:09Z INFO ProcessInvokerWrapper] Starting process:
[2026-05-23 09:04:09Z INFO ProcessInvokerWrapper]   File name: 'C:\WINDOWS\system32\chcp.COM'
[2026-05-23 09:04:09Z INFO ProcessInvokerWrapper]   Arguments: '65001'
[2026-05-23 09:04:09Z INFO ProcessInvokerWrapper]   Working directory: 'D:\minishopapp\minishopapp\actions-runner\_work'
[2026-05-23 09:04:09Z INFO ProcessInvokerWrapper]   Require exit code zero: 'False'
[2026-05-23 09:04:09Z INFO ProcessInvokerWrapper]   Encoding web name:  ; code page: ''
[2026-05-23 09:04:09Z INFO ProcessInvokerWrapper]   Force kill process on cancellation: 'False'
[2026-05-23 09:04:09Z INFO ProcessInvokerWrapper]   Redirected STDIN: 'False'
[2026-05-23 09:04:09Z INFO ProcessInvokerWrapper]   Persist current code page: 'True'
[2026-05-23 09:04:09Z INFO ProcessInvokerWrapper]   Keep redirected STDIN open: 'False'
[2026-05-23 09:04:09Z INFO ProcessInvokerWrapper]   High priority process: 'False'
[2026-05-23 09:04:09Z INFO ProcessInvokerWrapper] Process started with process id 28016, waiting for process exit.
[2026-05-23 09:04:09Z INFO ProcessInvokerWrapper] STDOUT/STDERR stream read finished.
[2026-05-23 09:04:09Z INFO ProcessInvokerWrapper] STDOUT/STDERR stream read finished.
[2026-05-23 09:04:09Z INFO ProcessInvokerWrapper] Finished process 28016 with exit code 0, and elapsed time 00:00:00.0207585.
[2026-05-23 09:04:09Z INFO StepsRunner] Successfully returned to code page 65001 (UTF8)
[2026-05-23 09:04:09Z INFO HostContext] Well known directory 'Bin': 'D:\minishopapp\minishopapp\actions-runner\bin'
[2026-05-23 09:04:09Z INFO HostContext] Well known directory 'Root': 'D:\minishopapp\minishopapp\actions-runner'
[2026-05-23 09:04:09Z INFO HostContext] Well known directory 'Work': 'D:\minishopapp\minishopapp\actions-runner\_work'
[2026-05-23 09:04:09Z INFO HostContext] Well known directory 'Actions': 'D:\minishopapp\minishopapp\actions-runner\_work\_actions'
[2026-05-23 09:04:09Z INFO ActionManager] Load action that reference repository from 'D:\minishopapp\minishopapp\actions-runner\_work\_actions\actions\checkout\v4'
[2026-05-23 09:04:09Z INFO HostContext] Well known directory 'Bin': 'D:\minishopapp\minishopapp\actions-runner\bin'
[2026-05-23 09:04:09Z INFO HostContext] Well known directory 'Root': 'D:\minishopapp\minishopapp\actions-runner'
[2026-05-23 09:04:09Z INFO HostContext] Well known directory 'Work': 'D:\minishopapp\minishopapp\actions-runner\_work'
[2026-05-23 09:04:09Z INFO HostContext] Well known directory 'Actions': 'D:\minishopapp\minishopapp\actions-runner\_work\_actions'
[2026-05-23 09:04:09Z INFO ActionManifestManagerLegacy] Loaded action.yml file: {
  "name": "Checkout",
  "description": "Checkout a Git repository at a particular version",
  "inputs": {
    "type": 2,
    "map": [
      {
        "key": {
          "type": 0,
          "file": 2,
          "line": 4,
          "col": 3,
          "lit": "repository"
        },
        "value": {
          "type": 3,
          "file": 2,
          "line": 6,
          "col": 14,
          "expr": "github.repository"
        }
      },
      {
        "key": {
          "type": 0,
          "file": 2,
          "line": 7,
          "col": 3,
          "lit": "ref"
        },
        "value": ""
      },
      {
        "key": {
          "type": 0,
          "file": 2,
          "line": 12,
          "col": 3,
          "lit": "token"
        },
        "value": {
          "type": 3,
          "file": 2,
          "line": 24,
          "col": 14,
          "expr": "github.token"
        }
      },
      {
        "key": {
          "type": 0,
          "file": 2,
          "line": 25,
          "col": 3,
          "lit": "ssh-key"
        },
        "value": ""
      },
      {
        "key": {
          "type": 0,
          "file": 2,
          "line": 37,
          "col": 3,
          "lit": "ssh-known-hosts"
        },
        "value": ""
      },
      {
        "key": {
          "type": 0,
          "file": 2,
          "line": 42,
          "col": 3,
          "lit": "ssh-strict"
        },
        "value": {
          "type": 0,
          "file": 2,
          "line": 47,
          "col": 14,
          "lit": "true"
        }
      },
      {
        "key": {
          "type": 0,
          "file": 2,
          "line": 48,
          "col": 3,
          "lit": "ssh-user"
        },
        "value": {
          "type": 0,
          "file": 2,
          "line": 51,
          "col": 14,
          "lit": "git"
        }
      },
      {
        "key": {
          "type": 0,
          "file": 2,
          "line": 52,
          "col": 3,
          "lit": "persist-credentials"
        },
        "value": {
          "type": 0,
          "file": 2,
          "line": 54,
          "col": 14,
          "lit": "true"
        }
      },
      {
        "key": {
          "type": 0,
          "file": 2,
          "line": 55,
          "col": 3,
          "lit": "path"
        },
        "value": ""
      },
      {
        "key": {
          "type": 0,
          "file": 2,
          "line": 57,
          "col": 3,
          "lit": "clean"
        },
        "value": {
          "type": 0,
          "file": 2,
          "line": 59,
          "col": 14,
          "lit": "true"
        }
      },
      {
        "key": {
          "type": 0,
          "file": 2,
          "line": 60,
          "col": 3,
          "lit": "filter"
        },
        "value": {
          "type": 0,
          "file": 2,
          "line": 64,
          "col": 14,
          "lit": ""
        }
      },
      {
        "key": {
          "type": 0,
          "file": 2,
          "line": 65,
          "col": 3,
          "lit": "sparse-checkout"
        },
        "value": {
          "type": 0,
          "file": 2,
          "line": 69,
          "col": 14,
          "lit": ""
        }
      },
      {
        "key": {
          "type": 0,
          "file": 2,
          "line": 70,
          "col": 3,
          "lit": "sparse-checkout-cone-mode"
        },
        "value": {
          "type": 0,
          "file": 2,
          "line": 73,
          "col": 14,
          "lit": "true"
        }
      },
      {
        "key": {
          "type": 0,
          "file": 2,
          "line": 74,
          "col": 3,
          "lit": "fetch-depth"
        },
        "value": {
          "type": 0,
          "file": 2,
          "line": 76,
          "col": 14,
          "lit": "1"
        }
      },
      {
        "key": {
          "type": 0,
          "file": 2,
          "line": 77,
          "col": 3,
          "lit": "fetch-tags"
        },
        "value": {
          "type": 0,
          "file": 2,
          "line": 79,
          "col": 14,
          "lit": "false"
        }
      },
      {
        "key": {
          "type": 0,
          "file": 2,
          "line": 80,
          "col": 3,
          "lit": "show-progress"
        },
        "value": {
          "type": 0,
          "file": 2,
          "line": 82,
          "col": 14,
          "lit": "true"
        }
      },
      {
        "key": {
          "type": 0,
          "file": 2,
          "line": 83,
          "col": 3,
          "lit": "lfs"
        },
        "value": {
          "type": 0,
          "file": 2,
          "line": 85,
          "col": 14,
          "lit": "false"
        }
      },
      {
        "key": {
          "type": 0,
          "file": 2,
          "line": 86,
          "col": 3,
          "lit": "submodules"
        },
        "value": {
          "type": 0,
          "file": 2,
          "line": 94,
          "col": 14,
          "lit": "false"
        }
      },
      {
        "key": {
          "type": 0,
          "file": 2,
          "line": 95,
          "col": 3,
          "lit": "set-safe-directory"
        },
        "value": {
          "type": 0,
          "file": 2,
          "line": 97,
          "col": 14,
          "lit": "true"
        }
      },
      {
        "key": {
          "type": 0,
          "file": 2,
          "line": 98,
          "col": 3,
          "lit": "github-server-url"
        },
        "value": ""
      }
    ]
  },
  "execution": {
    "executionType": "nodeJS",
    "hasPre": false,
    "hasPost": true,
    "script": "dist/index.js",
    "pre": null,
    "post": "dist/index.js",
    "nodeVersion": "node20",
    "cleanupCondition": "always()",
    "initCondition": "always()"
  },
  "deprecated": null
}
[2026-05-23 09:04:09Z INFO ActionManager] Action pre node.js file: N/A.
[2026-05-23 09:04:09Z INFO ActionManager] Action node.js file: dist/index.js.
[2026-05-23 09:04:09Z INFO ActionManager] Action post node.js file: dist/index.js.
[2026-05-23 09:04:09Z INFO ExecutionContext] Reserve record order 4 to 6 for post job actions.
[2026-05-23 09:04:09Z INFO HostContext] Well known directory 'Bin': 'D:\minishopapp\minishopapp\actions-runner\bin'
[2026-05-23 09:04:09Z INFO HostContext] Well known directory 'Root': 'D:\minishopapp\minishopapp\actions-runner'
[2026-05-23 09:04:09Z INFO HostContext] Well known directory 'Diag': 'D:\minishopapp\minishopapp\actions-runner\_diag'
[2026-05-23 09:04:09Z INFO HostContext] Well known directory 'Bin': 'D:\minishopapp\minishopapp\actions-runner\bin'
[2026-05-23 09:04:09Z INFO HostContext] Well known directory 'Root': 'D:\minishopapp\minishopapp\actions-runner'
[2026-05-23 09:04:09Z INFO HostContext] Well known directory 'Diag': 'D:\minishopapp\minishopapp\actions-runner\_diag'
[2026-05-23 09:04:09Z INFO HostContext] Well known directory 'Bin': 'D:\minishopapp\minishopapp\actions-runner\bin'
[2026-05-23 09:04:09Z INFO HostContext] Well known directory 'Root': 'D:\minishopapp\minishopapp\actions-runner'
[2026-05-23 09:04:09Z INFO HostContext] Well known directory 'Work': 'D:\minishopapp\minishopapp\actions-runner\_work'
[2026-05-23 09:04:09Z INFO HostContext] Well known directory 'Temp': 'D:\minishopapp\minishopapp\actions-runner\_work\_temp'
[2026-05-23 09:04:09Z INFO ExecutionContext] Write event payload to D:\minishopapp\minishopapp\actions-runner\_work\_temp\_github_workflow\event.json
[2026-05-23 09:04:09Z INFO HostContext] Well known directory 'Bin': 'D:\minishopapp\minishopapp\actions-runner\bin'
[2026-05-23 09:04:09Z INFO HostContext] Well known directory 'Root': 'D:\minishopapp\minishopapp\actions-runner'
[2026-05-23 09:04:09Z INFO HostContext] Well known directory 'Work': 'D:\minishopapp\minishopapp\actions-runner\_work'
[2026-05-23 09:04:09Z INFO HostContext] Well known directory 'Temp': 'D:\minishopapp\minishopapp\actions-runner\_work\_temp'
[2026-05-23 09:04:09Z INFO ExtensionManager] Getting extensions for interface: 'GitHub.Runner.Worker.IFileCommandExtension'
[2026-05-23 09:04:09Z INFO ExtensionManager] Creating instance: GitHub.Runner.Worker.AddPathFileCommand, Runner.Worker
[2026-05-23 09:04:09Z INFO ExtensionManager] Creating instance: GitHub.Runner.Worker.SetEnvFileCommand, Runner.Worker
[2026-05-23 09:04:09Z INFO ExtensionManager] Creating instance: GitHub.Runner.Worker.CreateStepSummaryCommand, Runner.Worker
[2026-05-23 09:04:09Z INFO ExtensionManager] Creating instance: GitHub.Runner.Worker.SaveStateFileCommand, Runner.Worker
[2026-05-23 09:04:09Z INFO ExtensionManager] Creating instance: GitHub.Runner.Worker.SetOutputFileCommand, Runner.Worker
[2026-05-23 09:04:09Z INFO ActionManifestManagerLegacy] Input 'repository': default value evaluate result: {
  "type": 0,
  "file": 2,
  "line": 6,
  "col": 14,
  "lit": "dineshvit11/minishopapp"
}
[2026-05-23 09:04:09Z INFO ActionManifestManagerLegacy] Input 'ref': default value evaluate result: ""
[2026-05-23 09:04:09Z INFO ActionManifestManagerLegacy] Input 'token': default value evaluate result: {
  "type": 0,
  "file": 2,
  "line": 24,
  "col": 14,
  "lit": "***"
}
[2026-05-23 09:04:09Z INFO ActionManifestManagerLegacy] Input 'ssh-key': default value evaluate result: ""
[2026-05-23 09:04:09Z INFO ActionManifestManagerLegacy] Input 'ssh-known-hosts': default value evaluate result: ""
[2026-05-23 09:04:09Z INFO ActionManifestManagerLegacy] Input 'ssh-strict': default value evaluate result: {
  "type": 0,
  "file": 2,
  "line": 47,
  "col": 14,
  "lit": "true"
}
[2026-05-23 09:04:09Z INFO ActionManifestManagerLegacy] Input 'ssh-user': default value evaluate result: {
  "type": 0,
  "file": 2,
  "line": 51,
  "col": 14,
  "lit": "git"
}
[2026-05-23 09:04:09Z INFO ActionManifestManagerLegacy] Input 'persist-credentials': default value evaluate result: {
  "type": 0,
  "file": 2,
  "line": 54,
  "col": 14,
  "lit": "true"
}
[2026-05-23 09:04:09Z INFO ActionManifestManagerLegacy] Input 'path': default value evaluate result: ""
[2026-05-23 09:04:09Z INFO ActionManifestManagerLegacy] Input 'clean': default value evaluate result: {
  "type": 0,
  "file": 2,
  "line": 59,
  "col": 14,
  "lit": "true"
}
[2026-05-23 09:04:09Z INFO ActionManifestManagerLegacy] Input 'filter': default value evaluate result: {
  "type": 0,
  "file": 2,
  "line": 64,
  "col": 14,
  "lit": ""
}
[2026-05-23 09:04:09Z INFO ActionManifestManagerLegacy] Input 'sparse-checkout': default value evaluate result: {
  "type": 0,
  "file": 2,
  "line": 69,
  "col": 14,
  "lit": ""
}
[2026-05-23 09:04:09Z INFO ActionManifestManagerLegacy] Input 'sparse-checkout-cone-mode': default value evaluate result: {
  "type": 0,
  "file": 2,
  "line": 73,
  "col": 14,
  "lit": "true"
}
[2026-05-23 09:04:09Z INFO ActionManifestManagerLegacy] Input 'fetch-depth': default value evaluate result: {
  "type": 0,
  "file": 2,
  "line": 76,
  "col": 14,
  "lit": "1"
}
[2026-05-23 09:04:09Z INFO ActionManifestManagerLegacy] Input 'fetch-tags': default value evaluate result: {
  "type": 0,
  "file": 2,
  "line": 79,
  "col": 14,
  "lit": "false"
}
[2026-05-23 09:04:09Z INFO ActionManifestManagerLegacy] Input 'show-progress': default value evaluate result: {
  "type": 0,
  "file": 2,
  "line": 82,
  "col": 14,
  "lit": "true"
}
[2026-05-23 09:04:09Z INFO ActionManifestManagerLegacy] Input 'lfs': default value evaluate result: {
  "type": 0,
  "file": 2,
  "line": 85,
  "col": 14,
  "lit": "false"
}
[2026-05-23 09:04:09Z INFO ActionManifestManagerLegacy] Input 'submodules': default value evaluate result: {
  "type": 0,
  "file": 2,
  "line": 94,
  "col": 14,
  "lit": "false"
}
[2026-05-23 09:04:09Z INFO ActionManifestManagerLegacy] Input 'set-safe-directory': default value evaluate result: {
  "type": 0,
  "file": 2,
  "line": 97,
  "col": 14,
  "lit": "true"
}
[2026-05-23 09:04:09Z INFO ActionManifestManagerLegacy] Input 'github-server-url': default value evaluate result: ""
[2026-05-23 09:04:09Z INFO ExtensionManager] Getting extensions for interface: 'GitHub.Runner.Worker.IActionCommandExtension'
[2026-05-23 09:04:09Z INFO ExtensionManager] Creating instance: GitHub.Runner.Worker.InternalPluginSetRepoPathCommandExtension, Runner.Worker
[2026-05-23 09:04:09Z INFO ExtensionManager] Creating instance: GitHub.Runner.Worker.SetEnvCommandExtension, Runner.Worker
[2026-05-23 09:04:09Z INFO ExtensionManager] Creating instance: GitHub.Runner.Worker.SetOutputCommandExtension, Runner.Worker
[2026-05-23 09:04:09Z INFO ExtensionManager] Creating instance: GitHub.Runner.Worker.SaveStateCommandExtension, Runner.Worker
[2026-05-23 09:04:09Z INFO ExtensionManager] Creating instance: GitHub.Runner.Worker.AddPathCommandExtension, Runner.Worker
[2026-05-23 09:04:09Z INFO JobServerQueue] Try to append 1 batches web console lines for record 'fae1a78d-c5c2-4462-a46a-3fca3f18c4bd', success rate: 1/1.
[2026-05-23 09:04:09Z INFO ExtensionManager] Creating instance: GitHub.Runner.Worker.AddMaskCommandExtension, Runner.Worker
[2026-05-23 09:04:09Z INFO ExtensionManager] Creating instance: GitHub.Runner.Worker.AddMatcherCommandExtension, Runner.Worker
[2026-05-23 09:04:09Z INFO ExtensionManager] Creating instance: GitHub.Runner.Worker.RemoveMatcherCommandExtension, Runner.Worker
[2026-05-23 09:04:09Z INFO ExtensionManager] Creating instance: GitHub.Runner.Worker.WarningCommandExtension, Runner.Worker
[2026-05-23 09:04:09Z INFO ExtensionManager] Creating instance: GitHub.Runner.Worker.ErrorCommandExtension, Runner.Worker
[2026-05-23 09:04:09Z INFO ExtensionManager] Creating instance: GitHub.Runner.Worker.NoticeCommandExtension, Runner.Worker
[2026-05-23 09:04:09Z INFO ExtensionManager] Creating instance: GitHub.Runner.Worker.DebugCommandExtension, Runner.Worker
[2026-05-23 09:04:09Z INFO ExtensionManager] Creating instance: GitHub.Runner.Worker.GroupCommandExtension, Runner.Worker
[2026-05-23 09:04:09Z INFO ExtensionManager] Creating instance: GitHub.Runner.Worker.EndGroupCommandExtension, Runner.Worker
[2026-05-23 09:04:09Z INFO ExtensionManager] Creating instance: GitHub.Runner.Worker.EchoCommandExtension, Runner.Worker
[2026-05-23 09:04:09Z INFO ActionCommandManager] Register action command extension for command internal-set-repo-path
[2026-05-23 09:04:09Z INFO ActionCommandManager] Register action command extension for command set-env
[2026-05-23 09:04:09Z INFO ActionCommandManager] Register action command extension for command set-output
[2026-05-23 09:04:09Z INFO ActionCommandManager] Register action command extension for command save-state
[2026-05-23 09:04:09Z INFO ActionCommandManager] Register action command extension for command add-path
[2026-05-23 09:04:09Z INFO ActionCommandManager] Register action command extension for command add-mask
[2026-05-23 09:04:09Z INFO ActionCommandManager] Register action command extension for command add-matcher
[2026-05-23 09:04:09Z INFO ActionCommandManager] Register action command extension for command remove-matcher
[2026-05-23 09:04:09Z INFO ActionCommandManager] Register action command extension for command warning
[2026-05-23 09:04:09Z INFO ActionCommandManager] Register action command extension for command error
[2026-05-23 09:04:09Z INFO ActionCommandManager] Register action command extension for command notice
[2026-05-23 09:04:09Z INFO ActionCommandManager] Register action command extension for command debug
[2026-05-23 09:04:09Z INFO ActionCommandManager] Register action command extension for command group
[2026-05-23 09:04:09Z INFO ActionCommandManager] Register action command extension for command endgroup
[2026-05-23 09:04:09Z INFO ActionCommandManager] Register action command extension for command echo
[2026-05-23 09:04:09Z INFO HostContext] Well known directory 'Bin': 'D:\minishopapp\minishopapp\actions-runner\bin'
[2026-05-23 09:04:09Z INFO HostContext] Well known directory 'Root': 'D:\minishopapp\minishopapp\actions-runner'
[2026-05-23 09:04:09Z INFO HostContext] Well known directory 'Externals': 'D:\minishopapp\minishopapp\actions-runner\externals'
[2026-05-23 09:04:09Z INFO ProcessInvokerWrapper] Starting process:
[2026-05-23 09:04:09Z INFO ProcessInvokerWrapper]   File name: 'D:\minishopapp\minishopapp\actions-runner\externals\node20\bin\node.exe'
[2026-05-23 09:04:09Z INFO ProcessInvokerWrapper]   Arguments: '"D:\minishopapp\minishopapp\actions-runner\_work\_actions\actions\checkout\v4\dist/index.js"'
[2026-05-23 09:04:09Z INFO ProcessInvokerWrapper]   Working directory: 'D:\minishopapp\minishopapp\actions-runner\_work\minishopapp\minishopapp'
[2026-05-23 09:04:09Z INFO ProcessInvokerWrapper]   Require exit code zero: 'False'
[2026-05-23 09:04:09Z INFO ProcessInvokerWrapper]   Encoding web name: utf-8 ; code page: '65001'
[2026-05-23 09:04:09Z INFO ProcessInvokerWrapper]   Force kill process on cancellation: 'False'
[2026-05-23 09:04:09Z INFO ProcessInvokerWrapper]   Redirected STDIN: 'False'
[2026-05-23 09:04:09Z INFO ProcessInvokerWrapper]   Persist current code page: 'True'
[2026-05-23 09:04:09Z INFO ProcessInvokerWrapper]   Keep redirected STDIN open: 'False'
[2026-05-23 09:04:09Z INFO ProcessInvokerWrapper]   High priority process: 'False'
[2026-05-23 09:04:09Z INFO JobServerQueue] Try to append 1 batches web console lines for record 'b273721c-af95-446b-b773-506da98a6517', success rate: 1/1.
[2026-05-23 09:04:10Z INFO ProcessInvokerWrapper] Process started with process id 27812, waiting for process exit.
[2026-05-23 09:04:10Z INFO JobServerQueue] Got a step log file to send to results service.
[2026-05-23 09:04:10Z INFO JobServerQueue] Starting upload of step log file to results service ResultsLog, D:\minishopapp\minishopapp\actions-runner\_diag\blocks\3e2f21f6-98ce-4994-b448-6fe8a9295111_fae1a78d-c5c2-4462-a46a-3fca3f18c4bd.1
[2026-05-23 09:04:10Z INFO JobServerQueue] Try to upload 1 log files or attachments, success rate: 1/1.
[2026-05-23 09:04:10Z INFO AddMaskCommandExtension] Add new secret mask with length of 76
[2026-05-23 09:04:10Z INFO JobServerQueue] Try to append 1 batches web console lines for record 'b273721c-af95-446b-b773-506da98a6517', success rate: 1/1.
[2026-05-23 09:04:10Z INFO JobServerQueue] Try to append 1 batches web console lines for record 'b273721c-af95-446b-b773-506da98a6517', success rate: 1/1.
[2026-05-23 09:04:11Z INFO JobServerQueue] Try to append 1 batches web console lines for record 'b273721c-af95-446b-b773-506da98a6517', success rate: 1/1.
[2026-05-23 09:04:11Z INFO JobServerQueue] Try to append 1 batches web console lines for record 'b273721c-af95-446b-b773-506da98a6517', success rate: 1/1.
[2026-05-23 09:04:12Z INFO JobServerQueue] Try to append 1 batches web console lines for record 'b273721c-af95-446b-b773-506da98a6517', success rate: 1/1.
[2026-05-23 09:04:12Z INFO JobServerQueue] Tried to upload 1 file(s) to results, success rate: 1/1.
[2026-05-23 09:04:12Z INFO JobServerQueue] Try to append 1 batches web console lines for record 'b273721c-af95-446b-b773-506da98a6517', success rate: 1/1.
[2026-05-23 09:04:13Z INFO JobServerQueue] Try to append 1 batches web console lines for record 'b273721c-af95-446b-b773-506da98a6517', success rate: 1/1.
[2026-05-23 09:04:19Z INFO HostContext] Well known directory 'Bin': 'D:\minishopapp\minishopapp\actions-runner\bin'
[2026-05-23 09:04:19Z INFO HostContext] Well known directory 'Root': 'D:\minishopapp\minishopapp\actions-runner'
[2026-05-23 09:04:19Z INFO HostContext] Well known directory 'Work': 'D:\minishopapp\minishopapp\actions-runner\_work'
[2026-05-23 09:04:29Z INFO HostContext] Well known directory 'Bin': 'D:\minishopapp\minishopapp\actions-runner\bin'
[2026-05-23 09:04:29Z INFO HostContext] Well known directory 'Root': 'D:\minishopapp\minishopapp\actions-runner'
[2026-05-23 09:04:29Z INFO HostContext] Well known directory 'Work': 'D:\minishopapp\minishopapp\actions-runner\_work'
[2026-05-23 09:04:31Z INFO JobServerQueue] Try to append 1 batches web console lines for record 'b273721c-af95-446b-b773-506da98a6517', success rate: 1/1.
[2026-05-23 09:04:32Z INFO JobServerQueue] Try to append 1 batches web console lines for record 'b273721c-af95-446b-b773-506da98a6517', success rate: 1/1.
[2026-05-23 09:04:33Z INFO JobServerQueue] Try to append 1 batches web console lines for record 'b273721c-af95-446b-b773-506da98a6517', success rate: 1/1.
[2026-05-23 09:04:33Z INFO JobServerQueue] Try to append 1 batches web console lines for record 'b273721c-af95-446b-b773-506da98a6517', success rate: 1/1.
[2026-05-23 09:04:33Z INFO ProcessInvokerWrapper] STDOUT/STDERR stream read finished.
[2026-05-23 09:04:33Z INFO ProcessInvokerWrapper] STDOUT/STDERR stream read finished.
[2026-05-23 09:04:33Z INFO ProcessInvokerWrapper] Finished process 27812 with exit code 0, and elapsed time 00:00:24.3432067.
[2026-05-23 09:04:33Z INFO CreateStepSummaryCommand] Step Summary file (D:\minishopapp\minishopapp\actions-runner\_work\_temp\_runner_file_commands\step_summary_e7b54099-c2ce-48fc-8c29-86ab653dd719) is empty; skipping attachment upload
[2026-05-23 09:04:33Z INFO StepsRunner] Step result: 
[2026-05-23 09:04:33Z INFO ExecutionContext] Publish step telemetry for current step {
  "action": "actions/checkout",
  "ref": "v4",
  "type": "node20",
  "stage": "Main",
  "stepId": "b273721c-af95-446b-b773-506da98a6517",
  "stepContextName": "__actions_checkout",
  "hasPreStep": false,
  "hasPostStep": true,
  "result": "succeeded",
  "errorMessages": [],
  "executionTimeInSeconds": 25,
  "startTime": "2026-05-23T09:04:09.5223157Z",
  "finishTime": "2026-05-23T09:04:33.9594296Z"
}.
[2026-05-23 09:04:33Z INFO StepsRunner] No need for updating job result with current step result 'Succeeded'.
[2026-05-23 09:04:33Z INFO StepsRunner] Current state: job state = ''
[2026-05-23 09:04:33Z INFO StepsRunner] Processing step: DisplayName='Test'
[2026-05-23 09:04:33Z INFO StepsRunner] Evaluating: success()
[2026-05-23 09:04:33Z INFO StepsRunner] Result: true
[2026-05-23 09:04:33Z INFO StepsRunner] Starting the step.
[2026-05-23 09:04:33Z INFO HostContext] Well known directory 'Bin': 'D:\minishopapp\minishopapp\actions-runner\bin'
[2026-05-23 09:04:33Z INFO HostContext] Well known directory 'Root': 'D:\minishopapp\minishopapp\actions-runner'
[2026-05-23 09:04:33Z INFO HostContext] Well known directory 'Work': 'D:\minishopapp\minishopapp\actions-runner\_work'
[2026-05-23 09:04:33Z INFO StepsRunner] Which2: 'chcp'
[2026-05-23 09:04:33Z INFO StepsRunner] Location: 'C:\WINDOWS\system32\chcp.COM'
[2026-05-23 09:04:33Z INFO ProcessInvokerWrapper] Starting process:
[2026-05-23 09:04:33Z INFO ProcessInvokerWrapper]   File name: 'C:\WINDOWS\system32\chcp.COM'
[2026-05-23 09:04:33Z INFO ProcessInvokerWrapper]   Arguments: '65001'
[2026-05-23 09:04:33Z INFO ProcessInvokerWrapper]   Working directory: 'D:\minishopapp\minishopapp\actions-runner\_work'
[2026-05-23 09:04:33Z INFO ProcessInvokerWrapper]   Require exit code zero: 'False'
[2026-05-23 09:04:33Z INFO ProcessInvokerWrapper]   Encoding web name:  ; code page: ''
[2026-05-23 09:04:33Z INFO ProcessInvokerWrapper]   Force kill process on cancellation: 'False'
[2026-05-23 09:04:33Z INFO ProcessInvokerWrapper]   Redirected STDIN: 'False'
[2026-05-23 09:04:33Z INFO ProcessInvokerWrapper]   Persist current code page: 'True'
[2026-05-23 09:04:33Z INFO ProcessInvokerWrapper]   Keep redirected STDIN open: 'False'
[2026-05-23 09:04:33Z INFO ProcessInvokerWrapper]   High priority process: 'False'
[2026-05-23 09:04:33Z INFO ProcessInvokerWrapper] Process started with process id 23164, waiting for process exit.
[2026-05-23 09:04:33Z INFO ProcessInvokerWrapper] STDOUT/STDERR stream read finished.
[2026-05-23 09:04:33Z INFO ProcessInvokerWrapper] STDOUT/STDERR stream read finished.
[2026-05-23 09:04:33Z INFO ProcessInvokerWrapper] Finished process 23164 with exit code 0, and elapsed time 00:00:00.0104821.
[2026-05-23 09:04:33Z INFO StepsRunner] Successfully returned to code page 65001 (UTF8)
[2026-05-23 09:04:33Z INFO HostContext] Well known directory 'Bin': 'D:\minishopapp\minishopapp\actions-runner\bin'
[2026-05-23 09:04:33Z INFO HostContext] Well known directory 'Root': 'D:\minishopapp\minishopapp\actions-runner'
[2026-05-23 09:04:33Z INFO HostContext] Well known directory 'Work': 'D:\minishopapp\minishopapp\actions-runner\_work'
[2026-05-23 09:04:33Z INFO HostContext] Well known directory 'Temp': 'D:\minishopapp\minishopapp\actions-runner\_work\_temp'
[2026-05-23 09:04:33Z INFO ExecutionContext] Write event payload to D:\minishopapp\minishopapp\actions-runner\_work\_temp\_github_workflow\event.json
[2026-05-23 09:04:33Z INFO HostContext] Well known directory 'Bin': 'D:\minishopapp\minishopapp\actions-runner\bin'
[2026-05-23 09:04:33Z INFO HostContext] Well known directory 'Root': 'D:\minishopapp\minishopapp\actions-runner'
[2026-05-23 09:04:33Z INFO HostContext] Well known directory 'Work': 'D:\minishopapp\minishopapp\actions-runner\_work'
[2026-05-23 09:04:33Z INFO HostContext] Well known directory 'Temp': 'D:\minishopapp\minishopapp\actions-runner\_work\_temp'
[2026-05-23 09:04:33Z INFO ExtensionManager] Getting extensions for interface: 'GitHub.Runner.Worker.IFileCommandExtension'
[2026-05-23 09:04:33Z INFO ExtensionManager] Getting extensions for interface: 'GitHub.Runner.Worker.IActionCommandExtension'
[2026-05-23 09:04:33Z INFO ActionCommandManager] Register action command extension for command internal-set-repo-path
[2026-05-23 09:04:33Z INFO ActionCommandManager] Register action command extension for command set-env
[2026-05-23 09:04:33Z INFO ActionCommandManager] Register action command extension for command set-output
[2026-05-23 09:04:33Z INFO ActionCommandManager] Register action command extension for command save-state
[2026-05-23 09:04:33Z INFO ActionCommandManager] Register action command extension for command add-path
[2026-05-23 09:04:33Z INFO ActionCommandManager] Register action command extension for command add-mask
[2026-05-23 09:04:33Z INFO ActionCommandManager] Register action command extension for command add-matcher
[2026-05-23 09:04:33Z INFO ActionCommandManager] Register action command extension for command remove-matcher
[2026-05-23 09:04:33Z INFO ActionCommandManager] Register action command extension for command warning
[2026-05-23 09:04:33Z INFO ActionCommandManager] Register action command extension for command error
[2026-05-23 09:04:33Z INFO ActionCommandManager] Register action command extension for command notice
[2026-05-23 09:04:33Z INFO ActionCommandManager] Register action command extension for command debug
[2026-05-23 09:04:33Z INFO ActionCommandManager] Register action command extension for command group
[2026-05-23 09:04:33Z INFO ActionCommandManager] Register action command extension for command endgroup
[2026-05-23 09:04:33Z INFO ActionCommandManager] Register action command extension for command echo
[2026-05-23 09:04:33Z INFO ScriptHandler] Which2: 'pwsh'
[2026-05-23 09:04:33Z INFO ScriptHandler] pwsh: command not found. Make sure 'pwsh' is installed and its location included in the 'Path' environment variable.
[2026-05-23 09:04:33Z INFO ScriptHandler] Defaulting to powershell
[2026-05-23 09:04:33Z INFO ScriptHandler] Which2: 'powershell'
[2026-05-23 09:04:33Z INFO ScriptHandler] Location: 'C:\WINDOWS\System32\WindowsPowerShell\v1.0\powershell.EXE'
[2026-05-23 09:04:33Z INFO HostContext] Well known directory 'Bin': 'D:\minishopapp\minishopapp\actions-runner\bin'
[2026-05-23 09:04:33Z INFO HostContext] Well known directory 'Root': 'D:\minishopapp\minishopapp\actions-runner'
[2026-05-23 09:04:33Z INFO HostContext] Well known directory 'Work': 'D:\minishopapp\minishopapp\actions-runner\_work'
[2026-05-23 09:04:33Z INFO HostContext] Well known directory 'Temp': 'D:\minishopapp\minishopapp\actions-runner\_work\_temp'
[2026-05-23 09:04:33Z INFO ScriptHandler] Which2: 'pwsh'
[2026-05-23 09:04:34Z INFO ScriptHandler] pwsh: command not found. Make sure 'pwsh' is installed and its location included in the 'Path' environment variable.
[2026-05-23 09:04:34Z INFO ScriptHandler] Defaulting to powershell
[2026-05-23 09:04:34Z INFO ScriptHandler] Which2: 'powershell'
[2026-05-23 09:04:34Z INFO ScriptHandler] Location: 'C:\WINDOWS\System32\WindowsPowerShell\v1.0\powershell.EXE'
[2026-05-23 09:04:34Z INFO ProcessInvokerWrapper] Starting process:
[2026-05-23 09:04:34Z INFO ProcessInvokerWrapper]   File name: 'C:\WINDOWS\System32\WindowsPowerShell\v1.0\powershell.EXE'
[2026-05-23 09:04:34Z INFO ProcessInvokerWrapper]   Arguments: '-command ". 'D:\minishopapp\minishopapp\actions-runner\_work\_temp\e03f3538-3ce1-4704-ac4c-c5fa19666011.ps1'"'
[2026-05-23 09:04:34Z INFO ProcessInvokerWrapper]   Working directory: 'D:\minishopapp\minishopapp\actions-runner\_work\minishopapp\minishopapp'
[2026-05-23 09:04:34Z INFO ProcessInvokerWrapper]   Require exit code zero: 'False'
[2026-05-23 09:04:34Z INFO ProcessInvokerWrapper]   Encoding web name:  ; code page: ''
[2026-05-23 09:04:34Z INFO ProcessInvokerWrapper]   Force kill process on cancellation: 'False'
[2026-05-23 09:04:34Z INFO ProcessInvokerWrapper]   Redirected STDIN: 'False'
[2026-05-23 09:04:34Z INFO ProcessInvokerWrapper]   Persist current code page: 'True'
[2026-05-23 09:04:34Z INFO ProcessInvokerWrapper]   Keep redirected STDIN open: 'False'
[2026-05-23 09:04:34Z INFO ProcessInvokerWrapper]   High priority process: 'False'
[2026-05-23 09:04:34Z INFO ProcessInvokerWrapper] Process started with process id 24160, waiting for process exit.
[2026-05-23 09:04:34Z INFO JobServerQueue] Try to append 1 batches web console lines for record 'b273721c-af95-446b-b773-506da98a6517', success rate: 1/1.
[2026-05-23 09:04:34Z INFO JobServerQueue] Try to append 1 batches web console lines for record 'd3a3020e-782c-4818-8cea-741c1d626bf5', success rate: 1/1.
[2026-05-23 09:04:34Z INFO ProcessInvokerWrapper] STDOUT/STDERR stream read finished.
[2026-05-23 09:04:34Z INFO ProcessInvokerWrapper] STDOUT/STDERR stream read finished.
[2026-05-23 09:04:34Z INFO ProcessInvokerWrapper] Finished process 24160 with exit code 1, and elapsed time 00:00:00.2814291.
[2026-05-23 09:04:34Z INFO CreateStepSummaryCommand] Step Summary file (D:\minishopapp\minishopapp\actions-runner\_work\_temp\_runner_file_commands\step_summary_1eaea71f-905d-4a21-9a3a-7e510f8a8deb) is empty; skipping attachment upload
[2026-05-23 09:04:34Z INFO StepsRunner] Step result: Failed
[2026-05-23 09:04:34Z INFO ExecutionContext] Publish step telemetry for current step {
  "action": "powershell",
  "type": "run",
  "stage": "Main",
  "stepId": "d3a3020e-782c-4818-8cea-741c1d626bf5",
  "stepContextName": "__run",
  "result": "failed",
  "errorMessages": [
    "Process completed with exit code 1."
  ],
  "executionTimeInSeconds": 1,
  "startTime": "2026-05-23T09:04:33.9604974Z",
  "finishTime": "2026-05-23T09:04:34.2907521Z"
}.
[2026-05-23 09:04:34Z INFO StepsRunner] Update job result with current step result 'Failed'.
[2026-05-23 09:04:34Z INFO StepsRunner] Current state: job state = 'Failed'
[2026-05-23 09:04:34Z INFO StepsRunner] Processing step: DisplayName='Post Run actions/checkout@v4'
[2026-05-23 09:04:34Z INFO StepsRunner] Evaluating: always()
[2026-05-23 09:04:34Z INFO StepsRunner] Result: true
[2026-05-23 09:04:34Z INFO StepsRunner] Starting the step.
[2026-05-23 09:04:34Z INFO HostContext] Well known directory 'Bin': 'D:\minishopapp\minishopapp\actions-runner\bin'
[2026-05-23 09:04:34Z INFO HostContext] Well known directory 'Root': 'D:\minishopapp\minishopapp\actions-runner'
[2026-05-23 09:04:34Z INFO HostContext] Well known directory 'Work': 'D:\minishopapp\minishopapp\actions-runner\_work'
[2026-05-23 09:04:34Z INFO StepsRunner] Which2: 'chcp'
[2026-05-23 09:04:34Z INFO JobServerQueue] Try to append 1 batches web console lines for record 'd3a3020e-782c-4818-8cea-741c1d626bf5', success rate: 1/1.
[2026-05-23 09:04:34Z INFO StepsRunner] Location: 'C:\WINDOWS\system32\chcp.COM'
[2026-05-23 09:04:34Z INFO ProcessInvokerWrapper] Starting process:
[2026-05-23 09:04:34Z INFO ProcessInvokerWrapper]   File name: 'C:\WINDOWS\system32\chcp.COM'
[2026-05-23 09:04:34Z INFO ProcessInvokerWrapper]   Arguments: '65001'
[2026-05-23 09:04:34Z INFO ProcessInvokerWrapper]   Working directory: 'D:\minishopapp\minishopapp\actions-runner\_work'
[2026-05-23 09:04:34Z INFO ProcessInvokerWrapper]   Require exit code zero: 'False'
[2026-05-23 09:04:34Z INFO ProcessInvokerWrapper]   Encoding web name:  ; code page: ''
[2026-05-23 09:04:34Z INFO ProcessInvokerWrapper]   Force kill process on cancellation: 'False'
[2026-05-23 09:04:34Z INFO ProcessInvokerWrapper]   Redirected STDIN: 'False'
[2026-05-23 09:04:34Z INFO ProcessInvokerWrapper]   Persist current code page: 'True'
[2026-05-23 09:04:34Z INFO ProcessInvokerWrapper]   Keep redirected STDIN open: 'False'
[2026-05-23 09:04:34Z INFO ProcessInvokerWrapper]   High priority process: 'False'
[2026-05-23 09:04:34Z INFO ProcessInvokerWrapper] Process started with process id 21116, waiting for process exit.
[2026-05-23 09:04:34Z INFO ProcessInvokerWrapper] STDOUT/STDERR stream read finished.
[2026-05-23 09:04:34Z INFO ProcessInvokerWrapper] STDOUT/STDERR stream read finished.
[2026-05-23 09:04:34Z INFO ProcessInvokerWrapper] Finished process 21116 with exit code 0, and elapsed time 00:00:00.0093570.
[2026-05-23 09:04:34Z INFO StepsRunner] Successfully returned to code page 65001 (UTF8)
[2026-05-23 09:04:34Z INFO HostContext] Well known directory 'Bin': 'D:\minishopapp\minishopapp\actions-runner\bin'
[2026-05-23 09:04:34Z INFO HostContext] Well known directory 'Root': 'D:\minishopapp\minishopapp\actions-runner'
[2026-05-23 09:04:34Z INFO HostContext] Well known directory 'Work': 'D:\minishopapp\minishopapp\actions-runner\_work'
[2026-05-23 09:04:34Z INFO HostContext] Well known directory 'Actions': 'D:\minishopapp\minishopapp\actions-runner\_work\_actions'
[2026-05-23 09:04:34Z INFO ActionManager] Load action that reference repository from 'D:\minishopapp\minishopapp\actions-runner\_work\_actions\actions\checkout\v4'
[2026-05-23 09:04:34Z INFO HostContext] Well known directory 'Bin': 'D:\minishopapp\minishopapp\actions-runner\bin'
[2026-05-23 09:04:34Z INFO HostContext] Well known directory 'Root': 'D:\minishopapp\minishopapp\actions-runner'
[2026-05-23 09:04:34Z INFO HostContext] Well known directory 'Work': 'D:\minishopapp\minishopapp\actions-runner\_work'
[2026-05-23 09:04:34Z INFO HostContext] Well known directory 'Actions': 'D:\minishopapp\minishopapp\actions-runner\_work\_actions'
[2026-05-23 09:04:34Z INFO ActionManifestManagerLegacy] Loaded action.yml file: {
  "name": "Checkout",
  "description": "Checkout a Git repository at a particular version",
  "inputs": {
    "type": 2,
    "map": [
      {
        "key": {
          "type": 0,
          "file": 2,
          "line": 4,
          "col": 3,
          "lit": "repository"
        },
        "value": {
          "type": 3,
          "file": 2,
          "line": 6,
          "col": 14,
          "expr": "github.repository"
        }
      },
      {
        "key": {
          "type": 0,
          "file": 2,
          "line": 7,
          "col": 3,
          "lit": "ref"
        },
        "value": ""
      },
      {
        "key": {
          "type": 0,
          "file": 2,
          "line": 12,
          "col": 3,
          "lit": "token"
        },
        "value": {
          "type": 3,
          "file": 2,
          "line": 24,
          "col": 14,
          "expr": "github.token"
        }
      },
      {
        "key": {
          "type": 0,
          "file": 2,
          "line": 25,
          "col": 3,
          "lit": "ssh-key"
        },
        "value": ""
      },
      {
        "key": {
          "type": 0,
          "file": 2,
          "line": 37,
          "col": 3,
          "lit": "ssh-known-hosts"
        },
        "value": ""
      },
      {
        "key": {
          "type": 0,
          "file": 2,
          "line": 42,
          "col": 3,
          "lit": "ssh-strict"
        },
        "value": {
          "type": 0,
          "file": 2,
          "line": 47,
          "col": 14,
          "lit": "true"
        }
      },
      {
        "key": {
          "type": 0,
          "file": 2,
          "line": 48,
          "col": 3,
          "lit": "ssh-user"
        },
        "value": {
          "type": 0,
          "file": 2,
          "line": 51,
          "col": 14,
          "lit": "git"
        }
      },
      {
        "key": {
          "type": 0,
          "file": 2,
          "line": 52,
          "col": 3,
          "lit": "persist-credentials"
        },
        "value": {
          "type": 0,
          "file": 2,
          "line": 54,
          "col": 14,
          "lit": "true"
        }
      },
      {
        "key": {
          "type": 0,
          "file": 2,
          "line": 55,
          "col": 3,
          "lit": "path"
        },
        "value": ""
      },
      {
        "key": {
          "type": 0,
          "file": 2,
          "line": 57,
          "col": 3,
          "lit": "clean"
        },
        "value": {
          "type": 0,
          "file": 2,
          "line": 59,
          "col": 14,
          "lit": "true"
        }
      },
      {
        "key": {
          "type": 0,
          "file": 2,
          "line": 60,
          "col": 3,
          "lit": "filter"
        },
        "value": {
          "type": 0,
          "file": 2,
          "line": 64,
          "col": 14,
          "lit": ""
        }
      },
      {
        "key": {
          "type": 0,
          "file": 2,
          "line": 65,
          "col": 3,
          "lit": "sparse-checkout"
        },
        "value": {
          "type": 0,
          "file": 2,
          "line": 69,
          "col": 14,
          "lit": ""
        }
      },
      {
        "key": {
          "type": 0,
          "file": 2,
          "line": 70,
          "col": 3,
          "lit": "sparse-checkout-cone-mode"
        },
        "value": {
          "type": 0,
          "file": 2,
          "line": 73,
          "col": 14,
          "lit": "true"
        }
      },
      {
        "key": {
          "type": 0,
          "file": 2,
          "line": 74,
          "col": 3,
          "lit": "fetch-depth"
        },
        "value": {
          "type": 0,
          "file": 2,
          "line": 76,
          "col": 14,
          "lit": "1"
        }
      },
      {
        "key": {
          "type": 0,
          "file": 2,
          "line": 77,
          "col": 3,
          "lit": "fetch-tags"
        },
        "value": {
          "type": 0,
          "file": 2,
          "line": 79,
          "col": 14,
          "lit": "false"
        }
      },
      {
        "key": {
          "type": 0,
          "file": 2,
          "line": 80,
          "col": 3,
          "lit": "show-progress"
        },
        "value": {
          "type": 0,
          "file": 2,
          "line": 82,
          "col": 14,
          "lit": "true"
        }
      },
      {
        "key": {
          "type": 0,
          "file": 2,
          "line": 83,
          "col": 3,
          "lit": "lfs"
        },
        "value": {
          "type": 0,
          "file": 2,
          "line": 85,
          "col": 14,
          "lit": "false"
        }
      },
      {
        "key": {
          "type": 0,
          "file": 2,
          "line": 86,
          "col": 3,
          "lit": "submodules"
        },
        "value": {
          "type": 0,
          "file": 2,
          "line": 94,
          "col": 14,
          "lit": "false"
        }
      },
      {
        "key": {
          "type": 0,
          "file": 2,
          "line": 95,
          "col": 3,
          "lit": "set-safe-directory"
        },
        "value": {
          "type": 0,
          "file": 2,
          "line": 97,
          "col": 14,
          "lit": "true"
        }
      },
      {
        "key": {
          "type": 0,
          "file": 2,
          "line": 98,
          "col": 3,
          "lit": "github-server-url"
        },
        "value": ""
      }
    ]
  },
  "execution": {
    "executionType": "nodeJS",
    "hasPre": false,
    "hasPost": true,
    "script": "dist/index.js",
    "pre": null,
    "post": "dist/index.js",
    "nodeVersion": "node20",
    "cleanupCondition": "always()",
    "initCondition": "always()"
  },
  "deprecated": null
}
[2026-05-23 09:04:34Z INFO ActionManager] Action pre node.js file: N/A.
[2026-05-23 09:04:34Z INFO ActionManager] Action node.js file: dist/index.js.
[2026-05-23 09:04:34Z INFO ActionManager] Action post node.js file: dist/index.js.
[2026-05-23 09:04:34Z INFO HostContext] Well known directory 'Bin': 'D:\minishopapp\minishopapp\actions-runner\bin'
[2026-05-23 09:04:34Z INFO HostContext] Well known directory 'Root': 'D:\minishopapp\minishopapp\actions-runner'
[2026-05-23 09:04:34Z INFO HostContext] Well known directory 'Work': 'D:\minishopapp\minishopapp\actions-runner\_work'
[2026-05-23 09:04:34Z INFO HostContext] Well known directory 'Temp': 'D:\minishopapp\minishopapp\actions-runner\_work\_temp'
[2026-05-23 09:04:34Z INFO ExecutionContext] Write event payload to D:\minishopapp\minishopapp\actions-runner\_work\_temp\_github_workflow\event.json
[2026-05-23 09:04:34Z INFO HostContext] Well known directory 'Bin': 'D:\minishopapp\minishopapp\actions-runner\bin'
[2026-05-23 09:04:34Z INFO HostContext] Well known directory 'Root': 'D:\minishopapp\minishopapp\actions-runner'
[2026-05-23 09:04:34Z INFO HostContext] Well known directory 'Work': 'D:\minishopapp\minishopapp\actions-runner\_work'
[2026-05-23 09:04:34Z INFO HostContext] Well known directory 'Temp': 'D:\minishopapp\minishopapp\actions-runner\_work\_temp'
[2026-05-23 09:04:34Z INFO ExtensionManager] Getting extensions for interface: 'GitHub.Runner.Worker.IFileCommandExtension'
[2026-05-23 09:04:34Z INFO ActionManifestManagerLegacy] Input 'repository': default value evaluate result: {
  "type": 0,
  "file": 2,
  "line": 6,
  "col": 14,
  "lit": "dineshvit11/minishopapp"
}
[2026-05-23 09:04:34Z INFO ActionManifestManagerLegacy] Input 'ref': default value evaluate result: ""
[2026-05-23 09:04:34Z INFO ActionManifestManagerLegacy] Input 'token': default value evaluate result: {
  "type": 0,
  "file": 2,
  "line": 24,
  "col": 14,
  "lit": "***"
}
[2026-05-23 09:04:34Z INFO ActionManifestManagerLegacy] Input 'ssh-key': default value evaluate result: ""
[2026-05-23 09:04:34Z INFO ActionManifestManagerLegacy] Input 'ssh-known-hosts': default value evaluate result: ""
[2026-05-23 09:04:34Z INFO ActionManifestManagerLegacy] Input 'ssh-strict': default value evaluate result: {
  "type": 0,
  "file": 2,
  "line": 47,
  "col": 14,
  "lit": "true"
}
[2026-05-23 09:04:34Z INFO ActionManifestManagerLegacy] Input 'ssh-user': default value evaluate result: {
  "type": 0,
  "file": 2,
  "line": 51,
  "col": 14,
  "lit": "git"
}
[2026-05-23 09:04:34Z INFO ActionManifestManagerLegacy] Input 'persist-credentials': default value evaluate result: {
  "type": 0,
  "file": 2,
  "line": 54,
  "col": 14,
  "lit": "true"
}
[2026-05-23 09:04:34Z INFO ActionManifestManagerLegacy] Input 'path': default value evaluate result: ""
[2026-05-23 09:04:34Z INFO ActionManifestManagerLegacy] Input 'clean': default value evaluate result: {
  "type": 0,
  "file": 2,
  "line": 59,
  "col": 14,
  "lit": "true"
}
[2026-05-23 09:04:34Z INFO ActionManifestManagerLegacy] Input 'filter': default value evaluate result: {
  "type": 0,
  "file": 2,
  "line": 64,
  "col": 14,
  "lit": ""
}
[2026-05-23 09:04:34Z INFO ActionManifestManagerLegacy] Input 'sparse-checkout': default value evaluate result: {
  "type": 0,
  "file": 2,
  "line": 69,
  "col": 14,
  "lit": ""
}
[2026-05-23 09:04:34Z INFO ActionManifestManagerLegacy] Input 'sparse-checkout-cone-mode': default value evaluate result: {
  "type": 0,
  "file": 2,
  "line": 73,
  "col": 14,
  "lit": "true"
}
[2026-05-23 09:04:34Z INFO ActionManifestManagerLegacy] Input 'fetch-depth': default value evaluate result: {
  "type": 0,
  "file": 2,
  "line": 76,
  "col": 14,
  "lit": "1"
}
[2026-05-23 09:04:34Z INFO ActionManifestManagerLegacy] Input 'fetch-tags': default value evaluate result: {
  "type": 0,
  "file": 2,
  "line": 79,
  "col": 14,
  "lit": "false"
}
[2026-05-23 09:04:34Z INFO ActionManifestManagerLegacy] Input 'show-progress': default value evaluate result: {
  "type": 0,
  "file": 2,
  "line": 82,
  "col": 14,
  "lit": "true"
}
[2026-05-23 09:04:34Z INFO ActionManifestManagerLegacy] Input 'lfs': default value evaluate result: {
  "type": 0,
  "file": 2,
  "line": 85,
  "col": 14,
  "lit": "false"
}
[2026-05-23 09:04:34Z INFO ActionManifestManagerLegacy] Input 'submodules': default value evaluate result: {
  "type": 0,
  "file": 2,
  "line": 94,
  "col": 14,
  "lit": "false"
}
[2026-05-23 09:04:34Z INFO ActionManifestManagerLegacy] Input 'set-safe-directory': default value evaluate result: {
  "type": 0,
  "file": 2,
  "line": 97,
  "col": 14,
  "lit": "true"
}
[2026-05-23 09:04:34Z INFO ActionManifestManagerLegacy] Input 'github-server-url': default value evaluate result: ""
[2026-05-23 09:04:34Z INFO ExtensionManager] Getting extensions for interface: 'GitHub.Runner.Worker.IActionCommandExtension'
[2026-05-23 09:04:34Z INFO ActionCommandManager] Register action command extension for command internal-set-repo-path
[2026-05-23 09:04:34Z INFO ActionCommandManager] Register action command extension for command set-env
[2026-05-23 09:04:34Z INFO ActionCommandManager] Register action command extension for command set-output
[2026-05-23 09:04:34Z INFO ActionCommandManager] Register action command extension for command save-state
[2026-05-23 09:04:34Z INFO ActionCommandManager] Register action command extension for command add-path
[2026-05-23 09:04:34Z INFO ActionCommandManager] Register action command extension for command add-mask
[2026-05-23 09:04:34Z INFO ActionCommandManager] Register action command extension for command add-matcher
[2026-05-23 09:04:34Z INFO ActionCommandManager] Register action command extension for command remove-matcher
[2026-05-23 09:04:34Z INFO ActionCommandManager] Register action command extension for command warning
[2026-05-23 09:04:34Z INFO ActionCommandManager] Register action command extension for command error
[2026-05-23 09:04:34Z INFO ActionCommandManager] Register action command extension for command notice
[2026-05-23 09:04:34Z INFO ActionCommandManager] Register action command extension for command debug
[2026-05-23 09:04:34Z INFO ActionCommandManager] Register action command extension for command group
[2026-05-23 09:04:34Z INFO ActionCommandManager] Register action command extension for command endgroup
[2026-05-23 09:04:34Z INFO ActionCommandManager] Register action command extension for command echo
[2026-05-23 09:04:34Z INFO HostContext] Well known directory 'Bin': 'D:\minishopapp\minishopapp\actions-runner\bin'
[2026-05-23 09:04:34Z INFO HostContext] Well known directory 'Root': 'D:\minishopapp\minishopapp\actions-runner'
[2026-05-23 09:04:34Z INFO HostContext] Well known directory 'Externals': 'D:\minishopapp\minishopapp\actions-runner\externals'
[2026-05-23 09:04:34Z INFO ProcessInvokerWrapper] Starting process:
[2026-05-23 09:04:34Z INFO ProcessInvokerWrapper]   File name: 'D:\minishopapp\minishopapp\actions-runner\externals\node20\bin\node.exe'
[2026-05-23 09:04:34Z INFO ProcessInvokerWrapper]   Arguments: '"D:\minishopapp\minishopapp\actions-runner\_work\_actions\actions\checkout\v4\dist/index.js"'
[2026-05-23 09:04:34Z INFO ProcessInvokerWrapper]   Working directory: 'D:\minishopapp\minishopapp\actions-runner\_work\minishopapp\minishopapp'
[2026-05-23 09:04:34Z INFO ProcessInvokerWrapper]   Require exit code zero: 'False'
[2026-05-23 09:04:34Z INFO ProcessInvokerWrapper]   Encoding web name: utf-8 ; code page: '65001'
[2026-05-23 09:04:34Z INFO ProcessInvokerWrapper]   Force kill process on cancellation: 'False'
[2026-05-23 09:04:34Z INFO ProcessInvokerWrapper]   Redirected STDIN: 'False'
[2026-05-23 09:04:34Z INFO ProcessInvokerWrapper]   Persist current code page: 'True'
[2026-05-23 09:04:34Z INFO ProcessInvokerWrapper]   Keep redirected STDIN open: 'False'
[2026-05-23 09:04:34Z INFO ProcessInvokerWrapper]   High priority process: 'False'
[2026-05-23 09:04:34Z INFO ProcessInvokerWrapper] Process started with process id 9304, waiting for process exit.
[2026-05-23 09:04:34Z INFO AddMaskCommandExtension] Add new secret mask with length of 32
[2026-05-23 09:04:34Z INFO JobServerQueue] Try to append 1 batches web console lines for record '9d79ee2f-fc10-44b2-9140-b8c2d12fe9b0', success rate: 1/1.
[2026-05-23 09:04:34Z INFO JobServerQueue] Try to upload 2 log files or attachments, success rate: 2/2.
[2026-05-23 09:04:34Z INFO JobServerQueue] Try to append 1 batches web console lines for record '9d79ee2f-fc10-44b2-9140-b8c2d12fe9b0', success rate: 1/1.
[2026-05-23 09:04:34Z INFO JobServerQueue] Got a step log file to send to results service.
[2026-05-23 09:04:34Z INFO JobServerQueue] Starting upload of step log file to results service ResultsLog, D:\minishopapp\minishopapp\actions-runner\_diag\blocks\3e2f21f6-98ce-4994-b448-6fe8a9295111_b273721c-af95-446b-b773-506da98a6517.1
[2026-05-23 09:04:35Z INFO JobServerQueue] Try to append 1 batches web console lines for record '9d79ee2f-fc10-44b2-9140-b8c2d12fe9b0', success rate: 1/1.
[2026-05-23 09:04:35Z INFO JobServerQueue] Try to append 1 batches web console lines for record '9d79ee2f-fc10-44b2-9140-b8c2d12fe9b0', success rate: 1/1.
[2026-05-23 09:04:36Z INFO JobServerQueue] Got a step log file to send to results service.
[2026-05-23 09:04:36Z INFO JobServerQueue] Starting upload of step log file to results service ResultsLog, D:\minishopapp\minishopapp\actions-runner\_diag\blocks\3e2f21f6-98ce-4994-b448-6fe8a9295111_d3a3020e-782c-4818-8cea-741c1d626bf5.1
[2026-05-23 09:04:36Z INFO JobServerQueue] Try to append 1 batches web console lines for record '9d79ee2f-fc10-44b2-9140-b8c2d12fe9b0', success rate: 1/1.
[2026-05-23 09:04:36Z INFO JobServerQueue] Try to append 1 batches web console lines for record '9d79ee2f-fc10-44b2-9140-b8c2d12fe9b0', success rate: 1/1.
[2026-05-23 09:04:36Z INFO ProcessInvokerWrapper] STDOUT/STDERR stream read finished.
[2026-05-23 09:04:36Z INFO ProcessInvokerWrapper] STDOUT/STDERR stream read finished.
[2026-05-23 09:04:36Z INFO ProcessInvokerWrapper] Finished process 9304 with exit code 0, and elapsed time 00:00:02.4626696.
[2026-05-23 09:04:36Z INFO CreateStepSummaryCommand] Step Summary file (D:\minishopapp\minishopapp\actions-runner\_work\_temp\_runner_file_commands\step_summary_f50e06ad-7c06-46e2-80e3-778fd1a2666e) is empty; skipping attachment upload
[2026-05-23 09:04:36Z INFO StepsRunner] Step result: 
[2026-05-23 09:04:36Z INFO ExecutionContext] Publish step telemetry for current step {
  "action": "actions/checkout",
  "ref": "v4",
  "type": "node20",
  "stage": "Post",
  "stepId": "9d79ee2f-fc10-44b2-9140-b8c2d12fe9b0",
  "result": "succeeded",
  "errorMessages": [],
  "executionTimeInSeconds": 3,
  "startTime": "2026-05-23T09:04:34.2939572Z",
  "finishTime": "2026-05-23T09:04:36.7783812Z"
}.
[2026-05-23 09:04:36Z INFO StepsRunner] No need for updating job result with current step result 'Succeeded'.
[2026-05-23 09:04:36Z INFO StepsRunner] Current state: job state = 'Failed'
[2026-05-23 09:04:36Z INFO JobRunner] Finalize job.
[2026-05-23 09:04:36Z INFO HostContext] Well known directory 'Bin': 'D:\minishopapp\minishopapp\actions-runner\bin'
[2026-05-23 09:04:36Z INFO HostContext] Well known directory 'Root': 'D:\minishopapp\minishopapp\actions-runner'
[2026-05-23 09:04:36Z INFO HostContext] Well known directory 'Diag': 'D:\minishopapp\minishopapp\actions-runner\_diag'
[2026-05-23 09:04:36Z INFO HostContext] Well known directory 'Bin': 'D:\minishopapp\minishopapp\actions-runner\bin'
[2026-05-23 09:04:36Z INFO HostContext] Well known directory 'Root': 'D:\minishopapp\minishopapp\actions-runner'
[2026-05-23 09:04:36Z INFO HostContext] Well known directory 'Diag': 'D:\minishopapp\minishopapp\actions-runner\_diag'
[2026-05-23 09:04:36Z INFO JobExtension] Initialize Env context
[2026-05-23 09:04:36Z INFO JobExtension] Initialize steps context
[2026-05-23 09:04:36Z INFO JobExtension] Total accessible running process: 320.
[2026-05-23 09:04:36Z INFO JobExtension] Inspecting process environment variables. PID: 3136 (onestart)
[2026-05-23 09:04:36Z INFO JobExtension] Inspecting process environment variables. PID: 25324 (chrome)
[2026-05-23 09:04:36Z INFO JobExtension] Inspecting process environment variables. PID: 13984 (chrome)
[2026-05-23 09:04:36Z INFO JobExtension] Wait for all connectivity checks to finish.
[2026-05-23 09:04:36Z INFO JobExtension] Connectivity check result: GitHub.Runner.Worker.JobExtension+CheckResult
[2026-05-23 09:04:36Z INFO JobExtension] Connectivity check result: GitHub.Runner.Worker.JobExtension+CheckResult
[2026-05-23 09:04:36Z INFO JobExtension] Connectivity check result: GitHub.Runner.Worker.JobExtension+CheckResult
[2026-05-23 09:04:36Z INFO ExecutionContext] Publish step telemetry for current step {
  "action": "complete_job",
  "type": "runner",
  "stage": "Post",
  "stepId": "86915143-b9ac-436e-a874-7f10d40db2db",
  "result": "succeeded",
  "errorMessages": [
    "Node.js 20 actions are deprecated. The following actions are running on Node.js 20 and may not work as expected: actions/checkout@v4. Actions will be forced to run with Node.js 24 by default starting June 2nd, 2026. Node.js 20 will be removed from the runn"
  ],
  "executionTimeInSeconds": 1,
  "startTime": "2026-05-23T09:04:36.7835579Z",
  "finishTime": "2026-05-23T09:04:36.8213517Z"
}.
[2026-05-23 09:04:36Z INFO JobRunner] Job result after all job steps finish: Failed
[2026-05-23 09:04:36Z INFO JobRunner] Completing the job execution context.
[2026-05-23 09:04:36Z INFO JobRunner] Shutting down the job server queue.
[2026-05-23 09:04:36Z INFO JobServerQueue] Fire signal to shutdown all queues.
[2026-05-23 09:04:36Z INFO JobServerQueue] Tried to upload 2 file(s) to results, success rate: 2/2.
[2026-05-23 09:04:37Z INFO JobServerQueue] All queue process task stopped.
[2026-05-23 09:04:37Z INFO JobServerQueue] Try to append 1 batches web console lines for record '86915143-b9ac-436e-a874-7f10d40db2db', success rate: 1/1.
[2026-05-23 09:04:37Z INFO JobServerQueue] Web console line queue drained.
[2026-05-23 09:04:37Z INFO JobServerQueue] Uploading 3 files in one shot.
[2026-05-23 09:04:37Z INFO JobServerQueue] Try to upload 3 log files or attachments, success rate: 3/3.
[2026-05-23 09:04:37Z INFO JobServerQueue] File upload queue drained.
[2026-05-23 09:04:37Z INFO JobServerQueue] Starting results-based upload queue...
[2026-05-23 09:04:37Z INFO JobServerQueue] Uploading 3 file(s) in one shot through results service.
[2026-05-23 09:04:37Z INFO JobServerQueue] Got a step log file to send to results service.
[2026-05-23 09:04:37Z INFO JobServerQueue] Starting upload of step log file to results service ResultsLog, D:\minishopapp\minishopapp\actions-runner\_diag\blocks\3e2f21f6-98ce-4994-b448-6fe8a9295111_9d79ee2f-fc10-44b2-9140-b8c2d12fe9b0.1
[2026-05-23 09:04:38Z INFO JobServerQueue] Got a step log file to send to results service.
[2026-05-23 09:04:38Z INFO JobServerQueue] Starting upload of step log file to results service ResultsLog, D:\minishopapp\minishopapp\actions-runner\_diag\blocks\3e2f21f6-98ce-4994-b448-6fe8a9295111_86915143-b9ac-436e-a874-7f10d40db2db.1
[2026-05-23 09:04:39Z INFO JobServerQueue] Got a job log file to send to results service.
[2026-05-23 09:04:39Z INFO JobServerQueue] Starting upload of job log file to results service ResultsLog, D:\minishopapp\minishopapp\actions-runner\_diag\blocks\3e2f21f6-98ce-4994-b448-6fe8a9295111_1232d1bf-1a96-5e26-96bc-482431ef50c4.1
[2026-05-23 09:04:40Z INFO JobServerQueue] Tried to upload 3 file(s) to results, success rate: 3/3.
[2026-05-23 09:04:40Z INFO JobServerQueue] Results upload queue drained.
[2026-05-23 09:04:40Z INFO JobServerQueue] Timeline update queue drained.
[2026-05-23 09:04:40Z INFO JobServerQueue] Disposing job server ...
[2026-05-23 09:04:40Z INFO JobServerQueue] Disposing results server ...
[2026-05-23 09:04:40Z INFO JobServerQueue] All queue process tasks have been stopped, and all queues are drained.
[2026-05-23 09:04:40Z INFO TempDirectoryManager] Cleaning runner temp folder: D:\minishopapp\minishopapp\actions-runner\_work\_temp
[2026-05-23 09:04:40Z INFO HostContext] Well known directory 'Bin': 'D:\minishopapp\minishopapp\actions-runner\bin'
[2026-05-23 09:04:40Z INFO HostContext] Well known directory 'Root': 'D:\minishopapp\minishopapp\actions-runner'
[2026-05-23 09:04:40Z INFO HostContext] Well known directory 'Diag': 'D:\minishopapp\minishopapp\actions-runner\_diag'
[2026-05-23 09:04:40Z INFO HostContext] Well known config file 'Telemetry': 'D:\minishopapp\minishopapp\actions-runner\_diag\.telemetry'
[2026-05-23 09:04:40Z INFO JobRunner] Raising job completed against run service
[2026-05-23 09:04:41Z INFO Worker] Job completed.
